Player_ID,FGM,FGA,FG_PCT,FG3M,FG3A,FG3_PCT,FTM,FTA,FT_PCT,OREB,DREB,REB,AST,STL,BLK,TOV,PF,PTS
2544,11.43,21.8,0.52,2.88,8.0,0.36,4.54,6.0,0.77,1.12,7.07,8.2,6.23,1.3,1.05,3.5,2.16,30.27
2546,4.62,10.48,0.44,2.16,5.75,0.35,1.91,2.3,0.6,0.9,3.28,4.17,0.99,0.68,0.75,0.86,2.41,13.32
2617,1.08,2.38,0.44,0.08,0.31,0.08,0.23,0.23,0.08,0.31,1.62,1.92,0.31,0.08,0.08,0.38,1.15,2.46
2730,2.23,3.65,0.55,0.13,0.25,0.11,1.6,2.43,0.48,1.97,3.97,5.93,0.58,0.57,0.6,0.78,1.92,6.2
2738,1.48,3.9,0.37,0.55,2.39,0.22,0.48,0.65,0.24,0.68,2.55,3.23,3.68,0.87,0.71,0.9,1.1,4.0
2772,1.38,4.12,0.37,0.83,3.08,0.3,0.42,0.75,0.2,0.42,3.0,3.42,1.12,0.54,0.25,0.46,0.83,4.0
101108,5.58,11.32,0.5,0.97,3.06,0.29,2.6,3.11,0.68,0.34,4.02,4.35,10.8,1.86,0.31,2.35,2.06,14.74
101150,2.23,5.71,0.39,0.66,1.82,0.35,1.2,1.39,0.46,0.29,1.27,1.55,1.88,0.5,0.05,0.77,0.86,6.32
200746,5.36,9.74,0.5,0.3,0.98,0.11,1.89,2.17,0.66,1.55,3.94,5.49,0.89,0.3,1.0,0.94,1.66,12.91
200752,2.85,6.89,0.4,1.27,3.69,0.33,1.13,1.44,0.46,1.0,3.4,4.4,1.02,0.45,0.35,0.85,1.73,8.11
200765,1.74,4.51,0.33,0.79,2.26,0.26,0.49,0.67,0.14,0.38,2.38,2.77,4.36,0.77,0.15,1.74,1.44,4.77
200768,4.38,9.95,0.42,2.29,6.06,0.37,2.35,2.76,0.63,0.52,3.95,4.48,7.52,1.06,0.27,2.67,2.81,13.4
200782,2.92,6.03,0.49,1.13,2.72,0.35,0.63,0.86,0.23,1.41,4.04,5.45,2.1,0.82,0.21,0.93,2.27,7.59
200794,1.36,3.48,0.3,0.24,1.06,0.11,0.52,0.73,0.19,1.24,2.21,3.45,0.88,0.3,0.39,0.58,2.03,3.48
201142,10.51,20.27,0.53,2.09,5.45,0.39,6.76,7.44,0.9,0.53,6.87,7.4,6.38,0.87,0.95,3.47,2.05,29.87
201143,3.86,8.25,0.46,1.29,3.84,0.33,1.16,1.38,0.4,1.57,6.12,7.68,3.36,0.71,1.33,0.94,1.88,10.16
201144,4.78,10.99,0.43,2.35,5.75,0.39,1.79,2.25,0.55,0.65,2.36,3.01,5.35,1.33,0.29,1.71,1.97,13.69
201145,3.69,7.05,0.51,0.71,2.24,0.22,2.2,2.64,0.66,0.55,2.53,3.08,1.28,0.37,0.36,0.95,2.01,10.29
201152,2.71,5.23,0.45,0.33,0.92,0.16,0.44,0.94,0.2,1.54,2.46,4.0,2.0,1.04,0.35,1.0,1.56,6.19
201565,4.69,10.54,0.42,1.42,3.54,0.33,1.15,1.19,0.46,0.81,2.19,3.0,3.96,0.85,0.46,1.5,0.58,11.96
201566,7.03,15.81,0.44,1.01,3.4,0.26,3.41,5.12,0.59,1.41,6.03,7.44,7.05,0.96,0.26,3.78,3.01,18.47
201567,4.42,10.28,0.42,2.53,6.45,0.36,2.24,2.68,0.57,1.18,6.07,7.24,2.16,0.35,0.24,1.32,1.36,13.61
201568,3.92,9.05,0.44,1.7,4.45,0.38,2.14,2.36,0.62,0.53,4.14,4.67,1.53,0.42,0.18,0.58,1.41,11.68
201569,4.7,9.89,0.47,2.18,5.28,0.41,1.84,2.37,0.56,0.26,1.72,1.98,2.7,0.49,0.32,1.88,1.11,13.42
201571,1.71,4.04,0.37,1.24,2.98,0.36,0.69,0.78,0.27,0.2,1.04,1.24,1.95,0.31,0.02,1.02,0.71,5.35
201572,4.69,10.08,0.44,1.46,4.08,0.33,1.54,1.77,0.38,1.46,2.62,4.08,0.46,0.62,1.15,0.92,2.62,12.38
201577,3.06,5.53,0.49,0.06,0.17,0.06,0.89,1.5,0.37,1.89,1.61,3.5,1.5,0.06,0.5,1.22,1.86,7.06
201580,3.89,6.19,0.64,0.03,0.12,0.02,1.38,1.97,0.46,2.2,4.5,6.7,0.57,0.3,1.09,1.32,2.45,9.19
201586,2.74,5.48,0.44,0.69,1.83,0.3,0.59,0.81,0.3,1.15,3.48,4.63,0.91,0.2,0.61,0.8,1.89,6.76
201587,3.03,6.56,0.43,1.83,4.58,0.34,0.42,0.64,0.15,0.49,3.81,4.31,1.69,0.98,0.71,0.68,1.36,8.32
201588,2.19,5.09,0.39,0.76,2.48,0.24,1.06,1.15,0.42,0.7,2.17,2.87,2.22,0.78,0.11,0.76,1.3,6.19
201599,1.92,2.98,0.57,0.0,0.0,0.0,0.46,0.83,0.22,1.73,3.77,5.5,0.44,0.25,0.73,0.77,1.48,4.29
201609,2.71,7.19,0.34,0.76,3.0,0.23,1.29,1.57,0.44,0.62,2.48,3.1,4.1,0.9,0.19,1.62,2.14,7.48
201933,2.38,5.59,0.37,0.68,2.59,0.18,0.98,1.36,0.4,1.07,3.0,4.07,1.88,0.48,0.25,0.55,1.7,6.41
201935,6.26,15.26,0.41,2.28,6.89,0.32,7.23,8.25,0.88,0.85,6.85,7.69,10.26,1.26,0.55,4.37,2.35,22.03
201937,4.38,12.09,0.34,1.74,5.12,0.33,2.59,3.03,0.72,0.44,3.71,4.15,6.62,1.44,0.21,2.65,2.21,13.09
201939,8.36,19.12,0.43,4.45,11.72,0.37,4.3,4.66,0.79,0.53,4.7,5.23,6.31,1.33,0.36,3.22,2.03,25.47
201942,10.18,20.2,0.5,0.66,1.87,0.31,6.84,7.8,0.85,0.74,4.42,5.16,4.92,0.89,0.32,2.38,2.34,27.87
201949,2.32,4.95,0.44,0.37,1.37,0.16,0.47,0.89,0.2,0.82,2.65,3.47,2.1,0.48,0.55,0.77,2.61,5.48
201950,7.13,14.24,0.5,1.97,4.79,0.41,2.04,2.69,0.55,1.03,3.46,4.49,6.82,1.61,0.43,2.73,1.99,18.28
201959,1.65,3.19,0.43,0.29,0.73,0.17,0.81,1.0,0.35,1.69,2.71,4.4,0.62,0.42,0.77,0.52,2.63,4.4
201961,2.28,5.51,0.43,1.91,4.91,0.42,0.21,0.26,0.11,0.23,1.56,1.79,0.7,0.53,0.12,0.44,0.98,6.67
201976,3.05,7.52,0.4,1.43,4.17,0.31,1.66,2.29,0.5,1.07,3.07,4.14,4.62,1.16,0.9,1.26,3.0,9.19
201980,2.03,5.16,0.38,1.66,4.37,0.37,0.18,0.23,0.08,0.52,2.02,2.53,1.03,0.97,0.6,0.73,1.69,5.9
201988,4.0,9.8,0.39,2.8,7.01,0.39,0.59,0.73,0.2,0.22,1.7,1.93,2.26,0.63,0.21,0.9,1.38,11.4
202066,1.88,5.0,0.33,1.0,3.14,0.28,0.47,0.69,0.21,0.49,1.93,2.42,1.25,0.73,0.39,0.71,1.37,5.24
202324,2.41,4.67,0.47,0.05,0.41,0.05,0.41,0.64,0.2,1.49,3.23,4.72,0.64,0.44,0.31,0.23,1.59,5.28
202330,5.78,12.59,0.44,1.76,4.49,0.4,2.57,3.04,0.58,0.78,3.8,4.57,3.61,0.96,0.45,1.65,1.73,15.88
202331,8.65,20.52,0.42,2.94,8.29,0.35,4.1,4.77,0.62,0.39,6.48,6.87,5.68,2.16,0.42,4.06,2.39,24.32
202339,3.65,8.67,0.42,0.94,3.02,0.28,1.65,2.17,0.56,0.52,2.85,3.37,4.17,1.28,0.35,2.15,1.57,9.89
202340,2.39,5.65,0.38,1.32,3.39,0.36,0.26,0.29,0.15,0.5,1.69,2.19,0.76,0.85,0.15,0.61,1.9,6.35
202355,3.31,5.08,0.62,0.0,0.0,0.0,1.6,2.57,0.51,2.55,5.05,7.6,0.4,0.34,1.58,0.82,2.75,8.22
202357,2.25,4.82,0.48,0.76,2.1,0.28,0.83,1.14,0.36,0.87,3.27,4.14,2.24,0.58,0.37,1.23,1.8,6.1
202397,2.85,6.62,0.36,0.38,1.03,0.2,0.23,0.37,0.12,0.38,1.77,2.15,3.75,0.72,0.35,1.2,1.2,6.31
202681,9.97,21.24,0.47,3.45,8.24,0.39,4.07,4.45,0.79,0.55,3.83,4.38,5.76,1.41,0.59,2.52,2.79,27.45
202683,1.46,2.77,0.4,0.06,0.14,0.06,0.69,0.8,0.3,1.74,2.83,4.57,0.23,0.14,0.4,0.57,1.2,3.66
202684,2.47,4.68,0.45,0.02,0.05,0.02,1.07,2.04,0.33,2.11,2.95,5.05,0.6,0.4,0.37,0.79,1.72,6.04
202685,6.89,12.68,0.55,0.77,2.14,0.29,3.2,3.91,0.74,3.05,8.34,11.39,2.57,0.55,0.81,2.42,3.34,17.76
202689,4.03,10.0,0.37,1.97,5.38,0.29,1.62,1.92,0.48,0.38,2.62,3.0,3.54,0.7,0.19,1.3,1.0,11.65
202691,7.69,17.91,0.42,3.56,9.25,0.37,1.44,1.59,0.48,0.47,3.44,3.91,2.75,0.5,0.53,1.34,1.69,20.38
202692,3.52,8.99,0.38,1.94,4.8,0.4,2.68,3.26,0.67,0.58,4.32,4.9,2.95,1.05,0.32,1.12,2.65,11.65
202693,3.18,6.71,0.46,0.76,2.29,0.29,0.47,0.53,0.26,1.0,1.65,2.65,1.35,0.35,0.06,1.18,1.94,7.59
202694,5.56,12.8,0.41,1.87,5.09,0.32,2.39,2.74,0.68,0.48,3.94,4.43,2.09,0.52,0.33,1.28,2.13,15.37
202696,7.48,15.81,0.47,1.42,4.53,0.28,1.26,1.66,0.45,1.95,9.07,11.01,3.23,0.96,0.97,1.86,2.48,17.64
202699,6.75,14.0,0.48,1.38,3.77,0.33,2.33,2.77,0.64,1.05,5.74,6.79,3.45,0.64,0.59,1.59,2.25,17.22
202704,6.39,16.29,0.38,2.23,6.83,0.32,1.84,2.17,0.55,0.52,3.09,3.61,4.79,0.73,0.2,2.31,2.12,16.84
202709,2.74,6.15,0.42,1.0,2.42,0.34,1.54,1.74,0.58,0.45,2.23,2.68,3.65,0.65,0.26,1.31,2.26,8.02
202710,6.98,14.54,0.47,0.47,2.04,0.16,6.95,7.98,0.88,1.79,4.11,5.89,5.47,1.65,0.47,2.12,1.54,21.39
202711,6.12,13.45,0.45,2.62,6.78,0.37,3.23,3.77,0.72,0.84,3.45,4.29,1.74,0.49,0.01,1.71,1.68,18.09
202722,1.77,4.91,0.32,1.38,4.11,0.29,0.64,0.71,0.32,0.21,1.88,2.09,0.55,0.3,0.21,0.34,1.52,5.55
203076,9.25,17.38,0.54,0.32,1.75,0.14,4.35,6.1,0.68,2.65,7.2,9.85,3.05,1.23,2.25,2.05,2.42,23.18
203078,8.7,19.27,0.45,1.58,5.25,0.3,4.22,5.08,0.78,0.95,3.78,4.72,6.62,0.9,0.38,3.38,2.38,23.2
203081,7.66,19.03,0.4,3.17,9.79,0.32,5.48,6.24,0.86,0.45,3.69,4.14,7.31,0.59,0.38,2.86,1.28,23.97
203082,3.49,8.79,0.36,1.22,4.19,0.26,1.78,2.06,0.47,0.32,2.24,2.56,1.84,0.44,0.19,1.19,1.08,9.98
203083,3.38,5.93,0.56,0.0,0.04,0.0,1.18,2.25,0.33,3.14,6.18,9.32,1.79,1.07,0.93,1.58,2.63,7.95
203084,5.08,10.83,0.46,1.84,4.68,0.37,4.43,5.36,0.74,1.06,4.55,5.61,2.42,0.69,0.18,1.53,1.22,16.43
203085,2.18,5.22,0.37,1.18,3.45,0.3,0.48,0.66,0.2,0.28,1.42,1.7,1.34,0.76,0.09,0.81,1.81,6.01
203087,2.38,6.2,0.37,0.98,3.04,0.3,1.59,1.89,0.54,0.46,2.29,2.75,1.45,0.55,0.39,0.66,1.05,7.32
203090,1.77,3.85,0.36,0.66,2.15,0.2,0.43,0.6,0.19,0.26,2.13,2.38,0.49,0.62,0.51,0.66,1.64,4.62
203095,5.03,12.06,0.39,3.01,7.74,0.36,1.0,1.41,0.36,0.42,2.2,2.62,2.14,0.99,0.25,1.31,2.25,14.06
203107,1.31,3.47,0.33,0.2,0.96,0.12,0.78,0.98,0.34,0.49,1.8,2.29,3.35,0.53,0.09,0.84,1.29,3.6
203109,3.24,8.12,0.4,1.9,5.45,0.35,1.06,1.34,0.37,0.45,4.84,5.28,1.85,1.42,0.45,0.82,2.58,9.43
203110,2.93,5.59,0.49,0.35,1.17,0.21,1.3,1.98,0.42,0.98,6.33,7.3,6.96,1.33,1.09,3.02,2.96,7.52
203114,6.85,15.47,0.44,2.45,6.58,0.36,3.92,4.41,0.81,0.62,4.77,5.39,5.42,1.15,0.27,2.88,2.42,20.08
203115,5.52,12.62,0.43,2.21,6.06,0.36,1.44,1.79,0.56,0.62,4.17,4.79,3.89,0.77,0.44,1.79,1.61,14.69
203145,1.15,3.56,0.28,0.74,2.05,0.28,0.33,0.44,0.16,0.33,1.44,1.77,0.87,0.64,0.23,0.54,1.79,3.38
203200,3.53,8.95,0.39,2.39,6.51,0.37,0.68,0.84,0.28,0.39,2.18,2.57,1.73,0.77,0.45,0.95,2.08,10.12
203210,2.37,4.88,0.46,0.49,1.85,0.2,1.21,1.39,0.38,1.21,2.99,4.19,0.88,0.64,0.39,0.85,2.36,6.45
203457,1.28,2.4,0.49,0.0,0.12,0.0,0.84,1.2,0.36,1.92,3.72,5.64,0.92,1.2,1.24,0.8,2.68,3.4
203458,2.41,4.51,0.55,0.15,0.54,0.1,1.05,1.62,0.37,1.33,2.79,4.13,1.15,0.33,0.64,1.1,2.56,6.03
203463,3.38,8.42,0.36,2.36,6.52,0.33,1.12,1.38,0.34,0.19,1.42,1.61,0.92,0.59,0.16,0.86,1.61,10.23
203468,8.65,18.77,0.45,2.94,7.56,0.37,1.87,2.74,0.52,0.85,3.48,4.34,5.08,1.13,0.35,2.05,1.95,22.1
203469,1.89,3.33,0.54,0.0,0.15,0.0,1.41,1.81,0.44,1.85,2.78,4.63,0.81,0.3,0.22,0.7,2.07,5.19
203471,4.88,11.31,0.4,1.34,3.91,0.27,2.45,2.88,0.7,0.53,2.81,3.34,4.62,0.83,0.12,2.23,2.41,13.55
203473,2.45,4.33,0.52,0.28,0.7,0.19,1.12,1.49,0.44,1.57,4.19,5.76,0.7,0.36,0.63,1.04,2.6,6.3
203476,1.2,2.55,0.4,0.66,1.55,0.31,0.43,0.59,0.2,0.73,2.02,2.75,0.77,0.25,0.3,0.45,1.18,3.5
203482,3.2,7.15,0.45,1.0,2.98,0.31,1.72,2.22,0.55,1.35,3.08,4.42,2.78,0.78,0.48,1.45,2.5,9.12
203484,4.69,10.77,0.43,2.06,5.3,0.36,1.78,2.0,0.54,0.53,2.86,3.39,1.88,1.08,0.34,1.26,1.81,13.22
203486,2.81,4.38,0.64,0.0,0.03,0.0,0.92,2.34,0.34,2.41,5.33,7.74,3.1,0.84,0.71,1.37,3.07,6.53
203488,2.63,5.77,0.49,1.63,3.79,0.42,1.12,1.33,0.37,0.49,2.51,3.0,0.51,0.42,0.6,0.33,1.35,8.0
203490,3.06,6.6,0.44,1.27,3.43,0.3,0.78,0.97,0.28,1.37,4.38,5.75,1.49,1.08,0.46,0.59,1.32,8.17
203493,2.96,7.37,0.37,2.07,5.76,0.32,0.59,0.71,0.34,0.49,3.06,3.54,1.22,0.6,0.21,0.59,1.63,8.57
203496,2.94,7.01,0.41,1.8,4.77,0.35,0.82,0.97,0.32,0.83,4.68,5.51,1.3,1.45,1.28,1.06,2.68,8.51
203497,5.48,7.7,0.72,0.0,0.06,0.0,4.59,6.65,0.64,3.65,11.02,14.67,1.09,0.68,2.08,1.8,2.67,15.56
203500,2.76,5.05,0.55,0.0,0.01,0.0,1.42,2.62,0.37,4.59,5.41,10.0,3.37,0.86,0.79,1.51,2.01,6.95
203501,4.98,12.62,0.39,2.43,7.24,0.32,1.86,2.45,0.54,0.31,3.4,3.71,2.19,0.9,0.14,0.81,1.76,14.24
203503,1.3,3.23,0.33,0.85,2.42,0.26,0.08,0.08,0.06,0.3,1.64,1.94,0.53,0.3,0.17,0.36,1.32,3.53
203504,2.0,5.12,0.29,0.62,1.95,0.23,0.48,0.55,0.18,0.1,0.69,0.79,1.36,0.29,0.0,0.62,0.93,5.1
203506,4.38,9.12,0.45,1.88,4.5,0.31,1.75,2.38,0.44,0.38,2.5,2.88,3.5,0.62,0.12,2.0,1.62,12.38
203507,10.28,18.58,0.55,1.06,3.61,0.27,8.25,11.43,0.73,2.0,9.61,11.61,5.79,1.07,1.36,3.27,3.16,29.88
203524,0.23,1.54,0.08,0.15,1.0,0.04,0.0,0.0,0.0,0.46,1.31,1.77,0.92,0.31,0.15,0.08,1.23,0.62
203526,2.91,6.3,0.43,0.5,1.71,0.24,1.19,1.54,0.38,0.19,1.73,1.91,3.1,0.79,0.04,1.13,1.49,7.51
203552,5.62,11.55,0.47,2.47,5.84,0.43,1.28,1.47,0.45,0.33,2.8,3.12,3.59,0.83,0.22,1.7,2.31,15.0
203585,1.92,4.41,0.33,1.14,2.86,0.26,0.37,0.51,0.12,0.61,1.57,2.18,0.94,0.41,0.14,0.47,1.14,5.35
203648,1.46,2.67,0.35,0.04,0.29,0.02,0.6,0.96,0.22,0.83,1.27,2.1,0.46,0.33,0.25,0.54,1.42,3.56
203897,8.43,17.7,0.47,2.76,7.09,0.37,4.78,5.6,0.77,0.33,4.27,4.6,4.52,0.61,0.34,2.55,1.79,24.4
203901,1.34,3.5,0.33,0.08,0.36,0.05,0.24,0.64,0.12,0.42,1.34,1.76,1.98,0.5,0.12,0.94,0.76,3.0
203903,5.9,14.09,0.41,2.41,7.56,0.31,1.82,2.2,0.62,0.85,2.61,3.46,2.46,0.84,0.2,1.63,1.89,16.03
203914,3.93,9.07,0.42,1.9,4.95,0.35,1.36,1.56,0.47,0.59,1.41,2.0,1.77,0.97,0.15,1.0,1.84,11.13
203915,4.57,10.97,0.4,1.67,4.93,0.3,2.91,3.76,0.64,0.67,3.49,4.16,5.16,0.66,0.19,1.55,2.24,13.72
203918,1.12,3.02,0.34,0.58,1.75,0.28,0.33,0.37,0.17,0.29,1.19,1.48,0.73,0.29,0.12,0.21,0.6,3.13
203920,1.76,3.64,0.41,0.0,0.25,0.0,0.96,1.29,0.41,2.22,2.13,4.35,1.02,0.55,0.47,0.53,1.89,4.49
203924,6.34,14.87,0.42,1.94,5.4,0.35,4.62,5.51,0.76,0.6,3.47,4.06,2.36,0.94,1.04,1.81,2.28,19.23
203925,4.0,8.86,0.47,2.93,6.29,0.48,0.36,0.43,0.18,0.36,3.64,4.0,1.0,0.5,0.14,1.14,2.21,11.29
203926,4.22,9.12,0.45,2.12,5.02,0.37,0.78,1.0,0.33,0.35,1.9,2.25,1.25,0.25,0.12,0.84,1.55,11.33
203932,5.79,11.12,0.52,1.16,3.47,0.33,2.28,3.07,0.58,1.67,4.19,5.85,2.51,0.59,0.59,1.77,1.97,15.01
203935,4.23,10.11,0.41,1.68,5.07,0.3,2.0,2.52,0.56,0.59,3.21,3.8,5.87,1.68,0.25,2.24,2.25,12.13
203937,3.03,6.8,0.43,0.52,1.58,0.23,0.97,1.52,0.36,1.0,4.33,5.33,2.65,1.12,0.65,1.03,1.57,7.55
203939,3.28,4.89,0.65,0.16,0.45,0.13,2.02,2.59,0.56,2.11,2.82,4.93,1.18,0.45,0.48,0.78,2.68,8.74
203944,7.11,17.31,0.4,1.67,5.42,0.26,4.21,5.57,0.69,1.74,8.21,9.94,5.14,0.74,0.54,3.4,2.85,20.1
203952,6.51,13.96,0.46,2.15,5.47,0.37,2.04,3.22,0.5,1.16,3.29,4.45,2.21,1.04,0.7,1.52,2.16,17.21
203953,1.5,3.17,0.39,0.67,1.33,0.31,0.75,0.75,0.42,0.42,1.92,2.33,0.5,0.33,0.08,0.67,1.08,4.42
203954,9.79,19.62,0.49,1.37,3.69,0.37,9.62,11.81,0.81,2.15,9.56,11.71,4.18,1.13,1.46,3.15,2.66,30.57
203991,5.0,8.16,0.63,0.0,0.01,0.0,1.08,2.28,0.34,3.77,8.08,11.85,1.24,0.74,1.26,0.59,2.24,11.08
203992,5.43,12.6,0.43,2.68,7.29,0.37,1.54,1.83,0.45,0.46,3.51,3.97,3.08,1.08,0.22,1.11,2.1,15.08
203994,5.73,10.71,0.55,0.27,1.0,0.18,3.3,4.79,0.6,2.98,8.07,11.05,2.8,1.11,0.61,2.55,3.38,15.04
203999,10.32,17.72,0.6,1.31,3.89,0.33,5.12,6.32,0.81,2.78,10.99,13.77,7.89,1.47,0.85,3.8,2.58,27.08
204001,6.9,15.04,0.46,1.53,4.94,0.28,4.86,5.61,0.83,2.0,6.06,8.06,2.33,0.73,1.65,1.59,2.69,20.2
204038,0.86,3.71,0.26,0.29,2.29,0.19,0.0,0.0,0.0,0.43,2.14,2.57,1.71,0.14,0.0,0.86,1.0,2.0
204060,2.56,6.33,0.39,1.73,5.0,0.33,0.38,0.49,0.19,0.27,2.64,2.91,3.51,0.51,0.11,1.02,1.82,7.22
204456,3.7,7.7,0.45,0.37,1.22,0.15,0.7,0.85,0.3,0.74,2.59,3.33,4.85,1.07,0.37,1.07,1.96,8.48
1626145,3.41,7.56,0.43,1.1,2.81,0.33,0.74,0.9,0.31,0.23,2.18,2.41,4.44,0.9,0.03,0.63,0.44,8.66
1626149,5.04,7.82,0.64,0.06,0.24,0.05,2.99,4.17,0.62,2.1,3.97,6.07,2.04,0.41,0.61,1.01,1.93,13.13
1626153,1.58,3.49,0.43,0.57,1.51,0.28,0.7,0.82,0.25,0.65,2.21,2.86,2.44,1.21,0.25,0.58,0.73,4.44
1626155,0.0,0.0,0.0,0.0,0.0,0.0,0.0,0.0,0.0,0.0,0.0,0.0,0.0,0.0,0.0,0.0,0.0,0.0
1626156,6.17,15.0,0.4,2.71,7.97,0.33,3.05,3.69,0.69,0.38,2.94,3.32,7.08,0.95,0.34,2.54,2.0,18.09
1626157,8.68,16.41,0.53,2.03,4.95,0.4,5.19,6.31,0.81,2.62,7.2,9.82,3.64,0.97,1.12,3.05,3.61,24.57
1626158,4.4,6.67,0.62,0.04,0.11,0.04,1.56,2.0,0.54,2.07,4.98,7.04,1.07,0.38,0.91,1.24,2.84,10.4
1626159,2.29,5.35,0.38,0.31,1.38,0.12,0.81,1.38,0.23,1.04,3.17,4.21,1.75,0.73,0.52,1.02,1.4,5.71
1626161,0.8,1.75,0.27,0.05,0.1,0.05,0.05,0.1,0.02,0.65,1.35,2.0,0.5,0.3,0.15,0.35,0.95,1.7
1626162,5.39,12.26,0.42,2.51,7.28,0.31,1.66,2.49,0.47,1.04,2.93,3.97,1.11,1.01,0.41,0.88,2.49,14.96
1626163,4.0,7.33,0.49,0.56,1.67,0.17,2.0,2.22,0.48,1.22,3.33,4.56,1.44,0.89,0.78,0.56,1.56,10.56
1626164,9.74,20.9,0.46,2.69,7.03,0.37,4.63,5.34,0.79,0.66,4.37,5.03,4.84,1.13,0.38,2.38,2.65,26.79
1626166,4.14,10.12,0.41,1.22,3.64,0.36,1.29,1.53,0.45,0.41,2.6,3.02,4.86,0.69,0.29,1.78,2.05,10.79
1626167,4.76,9.36,0.48,1.45,4.36,0.31,1.88,2.5,0.61,1.55,5.52,7.07,1.05,0.67,2.81,1.29,2.83,12.86
1626168,3.49,7.49,0.45,0.89,2.79,0.28,2.6,3.24,0.65,1.19,3.87,5.05,1.17,0.39,0.43,0.97,1.64,10.48
1626169,2.44,5.23,0.42,0.69,2.19,0.25,1.1,1.54,0.4,0.71,2.52,3.23,1.67,0.9,0.29,0.73,2.27,6.67
1626171,5.79,12.1,0.47,1.85,4.69,0.36,1.18,1.57,0.4,2.5,6.62,9.12,1.19,0.74,0.71,1.25,2.42,14.61
1626172,2.54,4.44,0.55,0.0,0.01,0.0,0.91,1.52,0.33,2.54,4.73,7.27,2.01,0.61,0.63,0.82,2.62,5.99
1626174,6.47,12.91,0.49,1.93,4.94,0.36,3.04,4.88,0.58,1.62,8.47,10.09,2.28,0.79,0.96,1.85,2.51,17.91
1626179,7.1,15.99,0.43,3.04,8.12,0.36,2.05,2.41,0.58,0.77,3.55,4.32,4.47,1.27,0.34,1.32,1.63,19.29
1626181,6.2,13.44,0.47,2.36,5.62,0.43,4.2,5.18,0.75,0.44,2.78,3.22,2.13,0.93,0.47,1.53,2.36,18.96
1626192,3.49,7.63,0.45,2.25,5.69,0.38,0.69,0.83,0.29,0.69,3.51,4.2,1.26,0.91,0.23,0.54,1.32,9.92
1626195,3.4,6.54,0.51,0.08,0.24,0.07,2.18,2.82,0.53,2.86,3.9,6.76,1.26,0.42,0.38,1.02,1.94,9.06
1626196,3.6,8.22,0.4,1.57,3.78,0.38,1.48,1.66,0.42,0.65,2.2,2.85,1.77,0.86,0.45,1.02,1.78,10.25
1626204,2.8,5.37,0.49,0.5,1.52,0.24,0.87,1.24,0.33,1.57,3.83,5.39,1.76,0.93,0.43,0.8,1.83,6.98
1626208,2.16,5.94,0.31,0.84,2.81,0.2,0.47,0.53,0.2,0.25,1.16,1.41,1.94,0.38,0.12,1.03,1.59,5.62
1626220,2.64,5.77,0.47,1.55,3.97,0.4,0.58,0.73,0.27,0.83,3.95,4.78,2.48,1.12,0.42,1.03,2.38,7.4
1626224,3.74,8.67,0.39,1.94,5.44,0.32,1.32,1.98,0.44,0.38,1.83,2.21,2.05,0.79,0.15,1.02,1.92,10.74
1626246,1.83,3.04,0.44,0.04,0.17,0.04,0.57,0.96,0.22,0.35,1.35,1.7,0.13,0.0,0.13,0.65,1.04,4.26
1627734,7.15,12.47,0.57,0.63,2.02,0.25,3.97,5.35,0.71,3.24,8.89,12.13,5.21,0.95,0.44,3.15,3.27,18.89
1627736,4.2,10.76,0.37,3.04,8.06,0.34,0.62,0.76,0.3,0.33,2.54,2.87,1.47,0.54,0.15,0.54,1.11,12.06
1627737,1.82,3.94,0.44,0.24,0.74,0.16,0.65,0.97,0.23,0.97,2.06,3.03,0.5,0.38,0.35,0.5,1.88,4.53
1627739,3.14,7.29,0.42,0.07,0.79,0.07,1.21,1.29,0.61,0.64,2.86,3.5,5.64,1.64,0.21,2.29,2.71,7.57
1627741,5.51,13.56,0.39,3.23,8.84,0.36,1.37,1.57,0.51,0.81,3.54,4.36,2.83,0.9,0.31,1.89,2.27,15.62
1627742,8.24,17.87,0.45,1.35,4.11,0.32,4.84,5.85,0.79,0.64,5.18,5.82,5.58,0.62,0.47,2.75,2.16,22.65
1627745,3.12,4.75,0.61,0.18,0.52,0.15,1.68,2.34,0.45,1.34,3.05,4.39,1.23,0.46,0.84,1.05,2.32,8.11
1627747,6.53,14.72,0.44,1.41,4.41,0.31,2.52,3.33,0.55,0.74,2.95,3.69,4.28,0.88,0.4,1.86,2.26,17.0
1627749,8.43,18.25,0.46,1.41,4.32,0.28,2.88,3.63,0.62,1.18,7.1,8.28,9.22,2.03,0.34,2.65,2.03,21.15
1627751,6.03,9.75,0.61,0.01,0.01,0.01,1.38,2.79,0.37,3.85,5.47,9.32,2.78,0.66,1.74,1.6,3.12,13.46
1627752,2.57,5.65,0.41,1.25,3.32,0.33,0.9,1.19,0.34,0.38,2.14,2.52,0.99,0.68,0.33,0.77,1.68,7.28
1627756,1.04,2.75,0.28,0.79,1.96,0.25,0.0,0.0,0.0,0.38,1.38,1.75,0.46,0.33,0.0,0.5,0.83,2.88
1627759,8.73,18.44,0.48,2.52,7.03,0.35,3.65,4.82,0.72,0.8,5.32,6.12,3.5,1.06,0.27,2.7,2.47,23.62
1627761,2.21,3.95,0.45,0.27,0.64,0.15,0.38,0.62,0.17,0.75,2.16,2.91,1.18,0.88,0.45,0.55,2.02,5.07
1627763,6.75,15.08,0.44,1.61,5.17,0.29,3.97,4.64,0.72,0.92,4.22,5.14,5.89,0.83,0.39,2.14,1.97,19.08
1627774,0.88,2.15,0.31,0.24,1.03,0.18,0.38,0.53,0.18,0.18,0.88,1.06,0.26,0.21,0.15,0.29,0.35,2.38
1627777,3.24,7.41,0.44,2.05,5.09,0.4,0.68,0.78,0.31,0.33,2.34,2.67,1.34,0.39,0.17,0.78,2.5,9.21
1627780,2.99,4.85,0.58,0.61,1.69,0.27,0.49,0.82,0.19,1.01,2.46,3.48,0.9,1.35,0.31,0.56,1.85,7.07
1627782,0.33,1.33,0.17,0.33,0.67,0.33,0.67,1.33,0.17,0.0,0.33,0.33,0.33,0.0,0.0,0.0,0.33,1.67
1627783,8.76,17.75,0.49,1.1,3.21,0.32,4.18,5.57,0.71,1.88,6.65,8.53,5.29,1.25,0.62,2.66,3.31,22.81
1627788,2.72,7.01,0.33,1.15,3.97,0.25,1.01,1.25,0.35,0.33,2.28,2.61,1.9,0.49,0.13,0.72,0.87,7.6
1627789,1.42,3.58,0.32,0.85,2.35,0.3,0.67,0.79,0.23,0.33,1.25,1.58,0.77,0.35,0.12,0.38,1.46,4.37
1627814,2.68,6.08,0.41,1.0,2.97,0.27,1.05,1.19,0.44,0.43,2.79,3.22,1.0,0.62,0.1,0.6,1.51,7.41
1627822,0.38,1.15,0.18,0.08,0.62,0.08,0.23,0.31,0.12,0.54,0.54,1.08,0.23,0.08,0.08,0.31,0.54,1.08
1627823,1.1,2.65,0.3,0.6,1.72,0.2,0.48,0.85,0.19,0.7,1.8,2.5,0.5,0.35,0.25,0.4,0.62,3.28
1627826,4.08,6.51,0.63,0.0,0.0,0.0,2.17,2.99,0.57,2.86,5.62,8.47,1.58,0.47,1.01,1.5,2.67,10.33
1627827,4.08,8.65,0.48,2.15,5.44,0.39,0.7,1.04,0.33,1.52,3.16,4.69,1.88,1.1,0.49,1.0,2.29,11.0
1627832,6.8,16.88,0.4,3.72,9.88,0.38,2.98,3.42,0.7,0.68,3.77,4.45,6.68,1.71,0.54,2.62,2.49,20.31
1627846,0.86,2.5,0.26,0.29,1.0,0.17,0.43,0.71,0.21,0.29,1.64,1.93,0.5,0.57,0.29,0.79,1.43,2.43
1627853,0.6,1.2,0.31,0.4,0.9,0.28,0.0,0.0,0.0,0.0,0.8,0.8,0.4,0.1,0.0,0.3,0.5,1.6
1627854,3.08,7.19,0.37,1.63,3.93,0.36,1.05,1.16,0.38,0.13,1.11,1.24,1.0,0.33,0.07,0.75,1.27,8.84
1627863,1.9,4.71,0.35,1.05,2.79,0.29,1.05,1.38,0.36,0.43,2.21,2.64,1.05,0.5,0.4,0.79,1.21,5.9
1627884,2.06,3.82,0.51,0.39,1.2,0.21,1.1,1.37,0.45,1.18,2.14,3.31,0.59,0.49,0.65,0.59,2.06,5.61
1627885,1.0,3.0,0.17,0.0,1.0,0.0,0.0,0.0,0.0,0.5,1.5,2.0,1.5,0.5,0.5,1.0,1.5,2.0
1627936,2.49,6.24,0.37,1.02,3.07,0.31,1.41,1.78,0.45,0.8,2.8,3.61,4.02,1.73,0.37,1.39,2.59,7.41
1628021,1.85,3.83,0.42,0.33,1.07,0.2,1.04,1.46,0.34,0.89,2.39,3.28,0.76,0.61,0.43,0.46,1.2,5.07
1628365,4.61,9.72,0.48,0.22,0.94,0.17,1.39,1.72,0.56,0.22,2.5,2.72,5.5,1.11,0.28,2.22,1.22,10.83
1628366,4.63,10.94,0.42,3.14,7.43,0.42,0.6,0.8,0.26,1.0,4.43,5.43,5.09,1.83,0.89,2.34,2.43,13.0
1628367,2.35,5.88,0.32,0.65,2.55,0.18,1.08,1.51,0.41,0.41,2.35,2.76,1.06,0.51,0.43,0.92,1.73,6.43
1628368,8.75,18.51,0.47,1.25,4.22,0.29,4.42,5.9,0.74,0.42,3.49,3.92,5.59,1.15,0.42,2.85,2.92,23.17
1628369,9.32,20.58,0.45,3.03,8.57,0.33,5.26,6.17,0.83,1.12,6.89,8.01,4.39,0.99,0.64,2.86,2.29,26.92
1628370,5.14,10.87,0.45,2.28,5.82,0.35,1.22,1.54,0.47,0.49,2.88,3.37,2.87,0.8,0.38,1.61,1.82,13.79
1628372,2.14,5.11,0.38,0.16,0.73,0.11,1.14,1.73,0.41,0.54,1.84,2.38,3.57,1.22,0.32,1.38,1.41,5.57
1628373,1.53,3.84,0.37,0.66,1.91,0.27,0.41,0.43,0.17,0.21,1.16,1.36,1.19,0.47,0.12,0.53,1.05,4.14
1628374,5.13,11.52,0.46,2.23,6.23,0.33,2.26,2.61,0.68,0.97,4.69,5.66,1.33,0.74,0.49,0.89,2.13,14.75
1628378,9.21,20.54,0.45,3.46,9.76,0.35,3.99,4.67,0.78,0.82,3.39,4.21,5.34,1.48,0.18,2.99,2.45,25.87
1628379,4.1,9.13,0.44,2.71,6.04,0.46,0.99,1.1,0.44,0.29,2.99,3.27,2.09,0.6,0.09,0.86,1.44,11.9
1628380,2.71,5.54,0.49,0.5,1.46,0.28,1.86,2.32,0.51,1.64,3.82,5.46,2.18,0.46,0.82,1.61,2.39,7.79
1628381,6.28,11.93,0.52,1.19,3.26,0.32,2.48,3.13,0.63,1.72,6.09,7.81,1.81,0.61,1.04,1.11,3.04,16.22
1628384,6.44,14.52,0.44,2.4,6.6,0.35,1.85,2.46,0.49,1.54,3.96,5.5,2.6,1.48,0.52,1.67,2.73,17.12
1628386,6.59,9.73,0.69,0.02,0.18,0.02,2.95,4.16,0.69,3.43,7.32,10.75,1.64,0.79,1.34,1.68,1.73,16.14
1628389,7.25,13.02,0.56,0.0,0.11,0.0,4.57,6.07,0.74,2.45,7.62,10.07,3.39,1.43,0.79,2.64,3.05,19.07
1628391,2.75,3.75,0.54,0.0,0.5,0.0,2.0,2.5,0.4,0.25,3.75,4.0,1.25,1.25,0.25,0.5,1.5,7.5
1628392,3.37,5.38,0.62,0.21,0.44,0.12,1.34,1.94,0.48,1.72,3.16,4.88,2.35,0.74,1.13,1.24,2.46,8.28
1628395,0.0,0.0,0.0,0.0,0.0,0.0,0.0,0.0,0.0,1.0,0.0,1.0,0.0,1.0,0.0,0.0,2.0,0.0
1628396,1.31,2.24,0.44,0.0,0.0,0.0,0.35,0.53,0.19,1.22,2.16,3.38,0.49,0.18,0.6,0.62,1.13,2.96
1628398,6.41,14.18,0.44,1.94,5.68,0.31,2.36,3.32,0.54,1.06,7.44,8.5,3.53,0.64,0.86,2.56,1.94,17.12
1628400,1.0,3.3,0.38,0.5,1.67,0.28,0.77,0.97,0.28,0.9,1.57,2.47,0.3,0.23,0.2,0.3,1.0,3.27
1628401,4.49,10.67,0.42,1.53,4.92,0.3,2.71,3.13,0.71,0.51,2.97,3.48,4.88,0.85,0.77,1.59,2.29,13.23
1628402,3.66,9.11,0.38,1.62,5.26,0.27,1.62,1.96,0.51,0.36,1.28,1.64,1.04,0.51,0.17,0.72,1.68,10.57
1628404,5.31,10.54,0.51,1.35,3.94,0.31,2.96,3.91,0.65,1.15,6.04,7.19,4.15,1.13,0.24,2.11,2.78,14.94
1628408,2.0,5.5,0.35,0.83,2.67,0.21,0.56,0.72,0.24,0.78,2.72,3.5,1.61,0.61,0.33,0.72,1.83,5.39
1628411,2.67,6.0,0.46,1.0,1.67,0.5,1.0,1.33,0.25,1.0,3.33,4.33,0.0,0.33,0.0,0.33,2.67,7.33
1628415,7.09,16.44,0.43,1.44,4.66,0.29,2.81,3.31,0.65,0.91,2.28,3.19,2.75,1.12,0.25,1.56,3.28,18.44
1628418,2.85,5.48,0.54,0.44,1.56,0.28,1.3,1.48,0.42,0.96,3.04,4.0,0.85,0.22,0.78,0.7,1.59,7.44
1628419,5.0,7.5,0.72,0.5,1.5,0.17,1.0,1.5,0.75,1.0,2.0,3.0,1.5,0.5,0.5,0.0,2.5,11.5
1628420,4.99,10.31,0.48,1.65,4.19,0.38,0.97,1.12,0.41,0.36,2.65,3.01,4.44,0.75,0.19,1.04,1.23,12.6
1628425,1.2,3.16,0.32,0.57,1.88,0.23,0.29,0.31,0.15,0.53,2.51,3.04,0.69,0.29,0.14,0.47,1.14,3.27
1628427,1.53,2.73,0.46,0.47,0.8,0.31,0.6,0.93,0.21,0.53,1.53,2.07,1.13,0.13,0.2,0.6,1.2,4.13
1628432,1.69,3.35,0.39,0.77,1.79,0.25,0.21,0.31,0.11,0.29,1.96,2.25,1.1,0.5,0.19,0.33,1.31,4.35
1628449,3.35,7.21,0.44,0.85,2.86,0.24,1.88,2.41,0.59,2.24,3.94,6.18,0.31,0.61,0.94,0.52,2.17,9.43
1628464,3.21,6.19,0.5,0.7,2.28,0.24,1.04,1.53,0.44,1.26,3.6,4.85,0.87,0.43,0.66,0.98,2.36,8.17
1628467,2.39,6.0,0.39,1.41,4.32,0.31,0.78,1.1,0.31,1.19,4.75,5.93,1.15,0.51,0.98,0.8,2.32,6.97
1628470,2.56,5.65,0.39,0.99,3.0,0.29,0.5,0.67,0.17,1.1,2.87,3.97,1.17,0.59,0.46,0.86,1.94,6.62
1628476,2.0,8.67,0.19,1.0,4.33,0.18,1.33,1.33,0.33,0.67,2.67,3.33,7.0,2.33,1.33,3.67,2.67,6.33
1628539,1.41,4.53,0.25,1.0,3.18,0.28,0.24,0.24,0.12,0.12,1.29,1.41,0.29,0.24,0.12,0.47,0.76,4.06
1628778,1.33,3.89,0.29,0.67,2.89,0.2,0.11,0.22,0.06,0.33,2.67,3.0,0.89,0.33,0.33,0.44,1.11,3.44
1628960,3.86,8.62,0.45,2.41,5.89,0.4,0.97,1.12,0.39,0.48,2.88,3.36,1.52,0.7,0.27,0.65,1.45,11.11
1628962,2.18,2.88,0.62,0.0,0.0,0.0,0.35,0.65,0.21,1.06,3.12,4.18,0.0,0.06,0.65,0.71,1.47,4.71
1628963,4.69,9.29,0.49,0.48,2.02,0.21,1.4,2.1,0.48,2.19,4.85,7.04,0.75,0.46,0.38,0.81,1.94,11.25
1628964,4.17,8.69,0.47,1.51,3.96,0.36,0.8,1.03,0.32,2.08,5.97,8.06,1.2,0.54,1.66,1.08,2.56,10.65
1628966,2.31,4.46,0.46,0.29,0.93,0.14,0.78,1.03,0.29,1.05,2.86,3.92,0.69,0.46,0.24,0.76,1.03,5.68
1628969,5.59,10.46,0.53,1.4,3.8,0.33,1.6,1.91,0.54,0.9,3.33,4.23,2.26,1.17,0.44,0.83,1.83,14.17
1628970,7.45,15.18,0.49,1.92,5.81,0.32,3.34,4.16,0.73,1.12,5.86,6.99,3.75,0.92,0.84,1.88,2.41,20.16
1628971,3.56,7.03,0.5,0.53,1.31,0.24,1.35,1.78,0.44,1.39,3.4,4.79,2.06,1.07,0.72,0.78,2.44,8.99
1628972,1.64,3.91,0.41,0.71,2.02,0.31,0.3,0.39,0.14,0.59,2.48,3.08,1.0,0.55,0.08,0.39,0.94,4.29
1628973,6.41,12.76,0.5,1.19,3.19,0.33,2.27,2.7,0.61,0.54,3.37,3.91,4.77,0.84,0.04,1.57,1.91,16.27
1628975,1.48,3.83,0.3,1.0,2.58,0.29,0.23,0.27,0.1,0.21,1.45,1.67,1.45,0.36,0.21,0.52,1.02,4.2
1628976,5.79,11.03,0.52,1.13,3.45,0.34,2.31,3.34,0.58,2.24,8.21,10.45,2.76,0.58,0.69,1.89,2.73,15.02
1628977,4.5,9.07,0.5,0.4,1.6,0.17,1.57,2.41,0.42,1.19,3.59,4.78,1.26,1.22,0.29,1.0,2.47,10.97
1628978,2.81,8.0,0.33,1.76,5.19,0.33,1.67,1.98,0.5,0.95,3.1,4.05,2.81,1.14,0.19,1.71,1.64,9.05
1628981,1.2,1.83,0.28,0.03,0.07,0.03,0.5,0.8,0.18,0.6,1.23,1.83,0.23,0.03,0.37,0.47,0.8,2.93
1628983,8.52,18.79,0.45,1.59,5.3,0.3,5.86,7.23,0.77,0.66,4.3,4.96,5.91,1.27,0.82,2.75,2.54,24.48
1628984,3.89,10.72,0.36,2.53,7.41,0.32,1.55,1.84,0.47,0.49,1.84,2.33,4.16,0.93,0.16,1.38,1.25,11.87
1628988,2.4,5.37,0.45,0.62,1.63,0.31,0.94,1.08,0.32,0.38,1.56,1.94,2.43,0.67,0.14,1.06,1.46,6.35
1628989,4.66,10.27,0.44,2.16,5.55,0.36,0.57,0.7,0.24,0.43,3.0,3.43,2.74,0.74,0.35,1.23,2.5,12.05
1628990,0.17,0.33,0.17,0.0,0.0,0.0,0.33,0.33,0.17,0.0,0.83,0.83,0.33,0.0,0.0,0.67,0.17,0.67
1628991,5.51,13.28,0.42,1.64,5.14,0.31,3.64,4.42,0.72,1.53,4.29,5.82,1.1,0.94,2.27,1.67,3.49,16.31
1628993,0.74,1.7,0.23,0.0,0.17,0.0,0.3,0.52,0.14,1.22,1.43,2.65,0.39,0.22,0.0,0.52,0.78,1.78
1628994,0.0,1.25,0.0,0.0,1.0,0.0,0.25,0.5,0.12,0.0,1.25,1.25,0.0,0.0,0.0,0.25,1.0,0.25
1628995,1.03,2.83,0.27,0.5,1.8,0.14,0.53,0.73,0.22,0.47,1.0,1.47,0.33,0.13,0.07,0.23,0.63,3.1
1628997,3.47,6.83,0.46,1.07,2.58,0.36,1.18,1.55,0.46,1.17,2.67,3.83,1.07,0.97,0.5,0.87,1.73,9.18
1628998,2.87,5.96,0.48,0.86,2.24,0.36,1.06,1.51,0.39,1.15,2.86,4.01,2.52,1.24,0.45,0.86,1.63,7.66
1629001,3.85,9.52,0.39,1.9,5.1,0.33,1.23,1.64,0.39,0.88,3.62,4.49,2.66,1.42,0.53,1.53,1.75,10.84
1629002,3.38,7.48,0.46,0.95,3.1,0.29,1.18,1.52,0.41,0.57,5.02,5.58,1.0,0.85,0.53,1.02,1.55,8.9
1629003,3.15,7.33,0.42,0.78,2.42,0.26,1.11,1.33,0.39,0.55,2.04,2.58,2.53,0.51,0.31,0.8,1.8,8.18
1629004,1.62,4.18,0.33,0.73,2.39,0.23,0.57,0.66,0.25,0.36,1.29,1.64,0.8,0.46,0.07,0.57,0.96,4.55
1629006,0.86,2.12,0.24,0.29,0.96,0.15,0.71,1.04,0.26,0.59,0.84,1.43,0.51,0.53,0.24,0.47,1.08,2.71
1629008,4.11,11.44,0.37,1.11,5.33,0.18,0.56,1.0,0.33,1.0,5.56,6.56,1.89,1.11,0.22,1.33,1.78,9.89
1629011,3.62,4.76,0.75,0.0,0.0,0.0,1.22,2.51,0.4,4.1,4.47,8.57,0.53,0.81,1.85,0.83,2.71,8.47
1629012,6.18,13.73,0.45,1.0,4.09,0.19,2.64,3.55,0.59,1.18,2.09,3.27,2.09,0.91,0.0,2.82,2.27,16.0
1629013,2.77,7.03,0.37,1.78,4.84,0.34,0.99,1.17,0.37,0.23,1.59,1.83,1.57,0.41,0.13,0.59,1.33,8.3
1629014,6.19,13.98,0.43,3.14,7.75,0.37,1.81,2.04,0.51,0.46,2.19,2.65,3.88,0.53,0.11,2.02,1.93,17.33
1629018,6.43,15.51,0.4,2.99,7.79,0.37,2.49,2.91,0.62,0.37,2.36,2.73,2.01,1.74,0.27,1.04,2.06,18.33
1629020,2.86,4.88,0.59,0.03,0.19,0.03,1.16,1.77,0.4,2.91,5.53,8.43,1.27,1.34,0.62,0.99,2.45,6.92
1629021,3.13,6.29,0.48,1.05,3.19,0.25,1.65,2.05,0.54,0.67,3.02,3.68,1.38,0.32,0.21,0.89,1.95,8.95
1629022,4.44,10.91,0.38,1.59,5.04,0.3,1.66,2.11,0.52,0.26,2.33,2.59,2.17,0.63,0.27,1.01,1.4,12.13
1629023,3.85,8.18,0.48,1.69,4.63,0.36,0.89,1.25,0.31,1.26,3.92,5.18,2.26,0.88,0.94,1.26,2.34,10.28
1629026,2.98,6.47,0.45,0.84,2.47,0.3,0.61,1.12,0.25,1.53,2.96,4.49,2.2,0.9,0.2,0.94,1.65,7.41
1629027,9.36,20.32,0.45,3.07,8.03,0.36,6.58,7.28,0.87,0.66,3.08,3.74,9.7,0.95,0.09,3.99,1.68,28.36
1629028,7.62,12.02,0.65,0.12,0.33,0.1,1.83,2.45,0.53,2.57,7.66,10.22,1.45,0.69,0.69,1.57,2.45,17.19
1629029,9.86,21.58,0.45,3.09,8.75,0.33,5.6,7.52,0.72,0.86,8.26,9.12,8.74,1.15,0.55,4.49,2.23,28.42
1629033,0.74,2.05,0.17,0.53,1.58,0.16,0.53,0.53,0.26,0.11,1.0,1.11,0.89,0.26,0.11,0.26,0.63,2.53
1629048,2.62,5.04,0.42,0.46,1.6,0.15,1.28,1.88,0.39,1.58,1.96,3.54,1.1,0.42,0.84,0.92,2.14,6.98
1629052,3.1,7.55,0.38,1.24,3.54,0.32,1.7,2.45,0.48,1.61,3.73,5.34,1.07,0.66,0.43,0.81,1.73,9.15
1629056,3.77,8.9,0.38,1.63,4.97,0.27,1.2,1.47,0.34,0.37,2.77,3.13,1.33,0.83,0.37,1.1,2.33,10.37
1629057,4.44,6.03,0.74,0.0,0.02,0.0,1.07,1.48,0.39,3.9,5.74,9.64,1.98,0.92,2.2,1.03,2.25,9.95
1629060,4.45,9.07,0.48,1.31,2.93,0.48,1.1,1.57,0.46,0.6,3.21,3.81,1.14,0.55,0.21,0.79,1.26,11.31
1629067,0.2,0.87,0.11,0.07,0.27,0.07,0.33,0.53,0.17,0.27,0.2,0.47,0.27,0.53,0.13,0.13,0.67,0.8
1629076,1.15,1.9,0.41,0.0,0.0,0.0,1.05,1.6,0.33,0.8,1.85,2.65,0.15,0.2,0.2,0.35,1.4,3.35
1629083,0.0,0.5,0.0,0.0,0.5,0.0,0.0,0.0,0.0,0.0,0.0,0.0,0.0,0.0,0.0,0.0,0.5,0.0
1629103,2.33,5.7,0.35,0.73,2.5,0.24,0.3,0.43,0.12,0.57,1.27,1.83,0.7,0.43,0.3,0.47,1.2,5.7
1629111,1.87,3.78,0.45,0.54,1.65,0.28,0.63,0.76,0.25,1.17,1.39,2.56,0.83,0.19,0.26,0.57,0.98,4.91
1629117,2.08,4.23,0.47,0.31,1.08,0.17,0.96,1.62,0.33,1.5,2.23,3.73,0.54,0.19,0.42,0.62,2.62,5.42
1629130,3.67,9.19,0.37,2.94,7.9,0.36,0.65,0.77,0.22,0.3,2.27,2.57,1.63,0.53,0.18,0.76,2.54,10.92
1629139,1.47,3.63,0.35,0.71,2.08,0.27,0.63,1.05,0.25,0.47,1.95,2.42,0.55,0.29,0.42,0.5,1.0,4.29
1629150,0.0,1.67,0.0,0.0,0.0,0.0,0.0,0.0,0.0,2.67,2.33,5.0,0.67,0.33,0.0,1.67,1.33,0.0
1629162,1.42,3.23,0.36,0.44,1.37,0.18,0.48,0.65,0.25,0.35,1.16,1.52,2.9,0.92,0.16,0.61,0.87,3.76
1629185,0.71,2.38,0.23,0.5,1.56,0.2,0.06,0.09,0.04,0.26,0.79,1.06,1.91,0.38,0.0,0.94,0.94,1.97
1629216,3.15,7.54,0.36,1.75,4.75,0.29,0.65,0.79,0.23,0.32,1.53,1.85,3.09,0.91,0.18,1.44,2.32,8.69
1629234,3.11,5.23,0.51,0.07,0.32,0.04,1.39,1.83,0.46,1.83,3.55,5.38,1.2,0.44,0.56,1.14,1.72,7.69
1629308,1.58,3.22,0.36,0.38,1.19,0.15,0.55,0.96,0.21,0.38,2.03,2.41,1.74,0.66,0.23,0.93,1.58,4.08
1629597,0.0,3.0,0.0,0.0,2.0,0.0,0.0,0.0,0.0,0.0,0.0,0.0,0.0,0.0,0.0,0.0,0.0,0.0
1629599,3.06,6.75,0.36,1.39,3.68,0.29,1.46,1.7,0.5,0.38,2.48,2.86,1.8,0.55,0.22,0.65,1.26,8.97
1629602,0.0,0.0,0.0,0.0,0.0,0.0,0.0,0.0,0.0,0.0,1.0,1.0,0.0,1.0,0.0,0.0,1.0,0.0
1629603,1.92,3.62,0.58,0.0,0.38,0.0,0.46,0.85,0.14,1.31,3.23,4.54,0.15,0.38,0.69,0.54,2.54,4.31
1629604,2.09,5.31,0.4,0.64,2.17,0.29,1.03,1.45,0.32,1.14,2.78,3.91,1.5,0.6,0.33,0.97,2.0,5.84
1629605,0.45,1.09,0.2,0.0,0.0,0.0,0.18,0.64,0.09,0.64,1.45,2.09,0.18,0.0,0.55,0.27,0.27,1.09
1629607,2.8,5.2,0.46,1.0,2.4,0.43,0.8,0.8,0.4,0.4,0.0,0.4,2.8,0.8,0.2,0.4,1.0,7.4
1629611,4.12,8.52,0.48,0.94,2.57,0.38,1.58,2.02,0.53,1.28,3.96,5.25,2.58,0.68,0.26,1.04,2.2,10.77
1629617,4.0,7.9,0.54,0.3,1.6,0.18,0.9,1.5,0.46,1.5,3.2,4.7,1.2,0.9,0.6,1.1,3.3,9.2
1629620,1.12,3.72,0.25,0.72,2.44,0.23,0.16,0.32,0.06,0.16,0.68,0.84,1.28,0.36,0.04,0.68,1.08,3.12
1629622,3.66,8.29,0.41,2.66,6.5,0.37,0.62,0.78,0.27,0.35,2.62,2.97,1.35,0.41,0.24,0.84,1.71,10.6
1629626,1.07,1.93,0.32,0.07,0.29,0.07,0.14,0.36,0.11,0.29,1.14,1.43,0.36,0.07,0.14,0.29,0.29,2.36
1629628,6.96,17.06,0.41,1.97,5.77,0.32,4.14,5.8,0.67,0.94,4.89,5.83,2.97,0.61,0.23,2.16,2.03,20.03
1629629,3.37,8.33,0.35,1.35,3.76,0.28,2.06,2.29,0.64,0.51,1.63,2.14,0.98,0.96,0.31,1.16,1.22,10.14
1629630,10.18,20.65,0.48,1.54,4.49,0.31,5.54,7.28,0.73,1.35,4.35,5.7,6.74,1.16,0.39,3.44,1.51,27.44
1629631,4.79,10.85,0.44,1.4,3.68,0.37,2.4,3.13,0.58,0.49,2.83,3.32,1.28,0.68,0.4,1.3,2.92,13.38
1629632,4.57,10.56,0.41,2.23,5.79,0.35,1.28,1.49,0.4,0.28,2.7,2.98,2.89,0.48,0.18,1.15,2.25,12.66
1629633,1.38,3.65,0.35,0.32,1.27,0.15,0.43,0.92,0.19,0.35,0.95,1.3,0.89,0.54,0.14,0.54,1.14,3.51
1629634,4.5,6.98,0.62,0.08,0.34,0.05,1.33,2.03,0.41,2.11,3.23,5.34,1.34,0.61,1.06,0.53,1.91,10.41
1629635,2.5,4.0,0.62,0.5,1.0,0.5,1.5,2.0,0.75,1.0,2.0,3.0,0.0,1.5,1.0,1.0,0.5,7.0
1629636,7.97,17.25,0.47,2.56,6.68,0.39,3.16,3.54,0.74,0.57,2.72,3.29,8.57,1.31,0.1,3.65,1.69,21.66
1629637,3.5,5.69,0.61,0.29,0.81,0.13,2.06,2.69,0.64,1.64,2.86,4.5,0.61,0.47,0.79,0.77,2.21,9.34
1629638,3.89,10.46,0.34,1.62,5.2,0.3,1.25,1.68,0.37,0.57,2.31,2.88,2.4,0.71,0.35,1.43,1.58,10.65
1629639,7.59,17.0,0.44,2.65,6.65,0.38,2.88,3.32,0.69,0.48,4.5,4.98,3.98,0.67,0.12,2.64,1.44,20.71
1629640,6.28,13.48,0.47,2.12,5.32,0.38,2.36,3.12,0.6,1.07,5.03,6.09,2.11,0.77,0.19,1.23,1.97,17.04
1629641,1.73,3.98,0.4,0.6,1.77,0.24,0.48,0.88,0.22,0.62,1.62,2.25,0.44,0.46,0.33,0.33,0.98,4.54
1629642,3.45,7.5,0.44,1.21,3.67,0.29,1.64,2.24,0.47,1.38,4.24,5.62,1.29,0.6,0.86,0.95,1.95,9.76
1629643,3.09,8.21,0.36,1.69,5.3,0.3,0.79,0.93,0.3,0.67,4.29,4.96,1.69,1.39,0.6,0.81,1.36,8.64
1629644,1.43,3.29,0.28,0.43,1.24,0.21,0.38,0.52,0.13,0.52,1.43,1.95,0.67,0.19,0.33,0.24,1.19,3.67
1629645,5.49,13.25,0.4,2.54,6.77,0.36,2.03,3.16,0.5,0.7,3.67,4.38,6.16,1.13,0.36,3.15,2.56,15.56
1629646,1.3,2.04,0.48,0.0,0.17,0.0,0.39,0.52,0.2,0.96,1.74,2.7,0.3,0.22,0.74,0.35,1.39,3.0
1629647,3.97,9.41,0.41,1.16,3.9,0.3,1.7,2.46,0.49,1.03,5.29,6.32,1.41,0.84,1.01,1.3,0.99,10.8
1629649,1.93,4.48,0.31,0.64,2.07,0.21,0.5,0.76,0.2,0.55,1.17,1.71,0.88,0.24,0.07,0.4,1.14,5.0
1629650,1.6,2.7,0.48,0.0,0.0,0.0,1.08,1.8,0.32,0.98,2.4,3.38,0.02,0.18,0.4,0.5,1.32,4.28
1629651,3.79,5.62,0.64,0.0,0.0,0.0,1.15,1.98,0.41,1.94,3.68,5.62,0.91,0.51,1.09,0.81,2.34,8.72
1629652,5.75,14.24,0.39,2.55,7.67,0.33,3.16,3.75,0.77,0.75,3.41,4.16,1.73,0.9,0.35,1.73,2.92,17.2
1629653,1.0,2.09,0.45,0.18,0.82,0.14,0.45,0.82,0.2,0.09,0.73,0.82,1.36,0.09,0.0,0.45,1.0,2.64
1629655,3.96,5.71,0.69,0.0,0.01,0.0,1.49,2.12,0.52,2.15,3.5,5.65,0.94,0.42,1.38,0.9,2.36,9.4
1629656,2.07,5.11,0.32,1.57,4.11,0.3,0.28,0.41,0.11,0.52,1.52,2.04,0.96,0.67,0.24,0.61,1.57,5.98
1629657,1.37,3.42,0.27,0.74,2.11,0.21,0.42,0.63,0.22,0.21,0.68,0.89,0.89,0.37,0.05,0.68,0.63,3.89
1629659,3.73,8.97,0.39,0.82,3.03,0.2,1.67,2.08,0.52,0.62,2.6,3.22,2.65,0.98,0.48,1.37,2.47,9.95
1629660,2.58,6.83,0.38,1.12,3.88,0.27,0.79,0.98,0.31,0.4,1.23,1.62,2.27,0.62,0.1,0.77,1.52,7.08
1629661,4.23,9.2,0.45,2.52,5.92,0.41,1.48,1.73,0.53,0.64,3.5,4.14,1.5,0.86,0.24,0.71,1.71,12.45
1629663,1.5,4.7,0.36,0.8,2.7,0.32,0.7,1.0,0.3,0.0,1.2,1.2,0.9,0.2,0.1,0.0,1.4,4.5
1629667,2.24,4.62,0.43,0.75,1.96,0.32,0.96,1.31,0.36,0.67,2.42,3.09,1.05,0.47,0.4,0.65,1.69,6.18
1629669,3.16,6.66,0.47,1.02,2.58,0.35,1.16,1.48,0.44,0.35,1.63,1.98,2.1,0.44,0.16,0.58,1.18,8.5
1629670,3.0,7.45,0.33,1.27,3.66,0.26,0.58,0.69,0.22,0.6,2.97,3.56,0.95,0.4,0.27,0.92,1.26,7.85
1629671,0.12,0.56,0.09,0.06,0.5,0.03,0.0,0.06,0.0,0.06,0.38,0.44,0.31,0.0,0.0,0.06,0.44,0.31
1629672,1.97,4.05,0.41,0.69,1.86,0.3,1.14,1.48,0.39,0.52,1.31,1.83,0.62,0.16,0.09,0.47,0.88,5.76
1629673,6.24,13.92,0.44,2.78,7.63,0.34,3.24,3.5,0.77,0.45,2.97,3.42,4.0,0.79,0.3,2.46,2.71,18.49
1629674,1.13,2.53,0.3,0.0,0.0,0.0,0.73,1.13,0.18,0.93,1.13,2.07,0.4,0.07,0.53,0.4,1.2,3.0
1629675,3.03,6.18,0.5,0.74,2.16,0.31,1.48,1.94,0.5,1.32,2.58,3.91,0.92,0.52,0.92,1.06,2.23,8.27
1629676,3.69,7.18,0.51,0.98,2.2,0.36,1.73,2.58,0.39,1.67,3.16,4.82,1.58,0.8,0.76,0.96,2.42,10.09
1629678,1.42,3.39,0.33,0.68,2.08,0.23,0.32,0.39,0.17,0.45,1.89,2.34,0.66,0.11,0.13,0.55,1.53,3.84
1629680,2.27,4.55,0.49,0.68,2.18,0.3,0.52,0.65,0.24,0.64,1.65,2.29,1.14,1.74,1.08,0.59,2.39,5.74
1629681,1.19,3.53,0.28,0.75,2.39,0.24,0.14,0.22,0.07,0.58,1.08,1.67,0.61,0.64,0.42,0.36,1.61,3.28
1629682,1.33,4.67,0.26,0.67,3.0,0.08,0.0,0.0,0.0,0.0,1.33,1.33,2.33,1.67,0.0,1.33,1.33,3.33
1629684,2.66,5.61,0.45,1.38,3.35,0.37,1.12,1.23,0.4,0.83,2.73,3.56,1.01,0.49,0.74,0.81,2.42,7.82
1629685,0.74,1.96,0.21,0.42,1.4,0.15,0.3,0.36,0.14,0.42,1.36,1.78,0.68,0.28,0.06,0.32,0.94,2.2
1629712,1.33,3.67,0.32,1.0,2.56,0.41,0.22,0.22,0.11,0.56,1.33,1.89,0.56,0.22,0.22,0.56,1.44,3.89
1629717,1.81,5.35,0.26,1.37,4.61,0.24,0.33,0.39,0.17,0.37,1.54,1.91,1.15,0.52,0.2,0.5,1.37,5.33
1629719,1.4,2.07,0.52,0.0,0.0,0.0,0.27,0.47,0.04,0.53,2.27,2.8,0.4,0.53,0.47,0.2,1.07,3.07
1629723,1.88,3.64,0.45,0.72,1.75,0.32,0.38,0.68,0.13,1.21,3.36,4.57,1.51,0.62,0.31,0.4,1.25,4.85
1629726,2.83,7.09,0.38,2.14,5.94,0.34,2.2,2.77,0.6,0.49,2.43,2.92,0.98,0.88,0.37,0.63,2.58,10.0
1629731,1.94,4.25,0.37,1.0,2.78,0.25,0.39,0.59,0.18,0.61,2.33,2.94,1.02,0.57,0.14,0.31,1.73,5.27
1629735,0.8,1.5,0.35,0.0,0.0,0.0,1.0,1.2,0.35,1.3,2.3,3.6,0.7,0.0,0.1,0.8,2.0,2.6
1629744,1.38,3.35,0.37,0.88,2.28,0.33,0.4,0.5,0.15,0.08,1.18,1.25,0.5,0.2,0.08,0.2,0.45,4.03
1629750,2.71,5.0,0.53,0.55,1.55,0.28,1.23,1.48,0.44,1.4,2.85,4.25,0.92,1.03,0.49,0.46,2.03,7.2
1629752,1.0,1.5,0.33,0.5,1.0,0.25,0.0,0.0,0.0,1.0,1.0,2.0,0.5,0.0,0.0,0.0,1.5,2.5
1629755,2.25,4.75,0.52,1.38,3.25,0.45,0.38,0.5,0.19,0.12,2.5,2.62,2.5,0.62,0.12,1.12,1.62,6.25
1629783,0.5,2.0,0.17,0.0,1.0,0.0,0.0,0.0,0.0,0.5,0.5,1.0,1.0,0.5,0.0,1.0,0.5,1.0
1629833,1.1,3.58,0.24,0.68,2.32,0.21,0.19,0.35,0.1,0.52,0.94,1.45,0.61,0.42,0.03,0.55,0.94,3.06
1630162,7.62,17.29,0.43,2.99,8.36,0.33,3.06,3.89,0.67,0.86,3.9,4.76,3.82,1.46,0.64,2.64,2.28,21.29
1630163,7.17,16.72,0.42,2.93,7.53,0.37,2.83,3.24,0.78,1.44,5.24,6.68,7.61,1.59,0.4,3.27,3.16,20.11
1630165,2.67,6.95,0.36,0.67,2.53,0.22,0.86,1.12,0.31,0.55,2.64,3.18,4.2,1.18,0.53,1.68,2.77,6.86
1630166,3.05,7.06,0.43,1.0,3.16,0.29,1.26,1.66,0.46,0.63,4.55,5.18,2.04,0.72,0.54,1.06,2.32,8.35
1630167,3.49,6.57,0.48,0.72,2.35,0.19,1.31,1.72,0.46,0.96,2.76,3.72,1.07,0.35,0.46,0.78,1.42,9.0
1630168,3.25,4.71,0.64,0.0,0.0,0.0,1.67,2.29,0.51,2.4,3.5,5.9,1.1,0.65,1.25,0.92,3.1,8.17
1630169,5.58,11.81,0.46,2.09,5.05,0.39,2.08,2.47,0.58,0.79,3.25,4.04,8.16,1.74,0.64,2.58,1.57,15.34
1630170,4.59,10.76,0.41,1.93,5.35,0.33,1.17,1.39,0.45,0.62,3.69,4.31,1.92,1.07,0.58,0.82,2.01,12.28
1630171,3.09,6.43,0.5,0.82,2.34,0.31,1.78,2.31,0.49,1.07,1.93,3.0,1.81,0.84,0.33,0.87,2.45,8.78
1630172,3.18,6.0,0.52,0.88,1.71,0.38,1.76,2.41,0.4,1.0,3.06,4.06,0.88,0.53,0.53,0.94,1.65,9.0
1630173,3.63,8.26,0.43,0.77,2.14,0.26,1.07,1.79,0.36,2.0,4.48,6.48,1.12,0.51,0.56,1.15,2.07,9.1
1630174,1.38,3.5,0.32,0.6,2.21,0.2,0.4,0.5,0.21,0.29,1.42,1.71,0.42,0.38,0.1,0.6,1.35,3.77
1630175,5.49,14.03,0.38,2.03,6.02,0.33,3.32,3.89,0.82,0.49,4.86,5.35,5.68,0.71,0.26,2.62,2.63,16.34
1630176,1.0,1.86,0.17,0.0,0.0,0.0,0.86,1.86,0.34,1.14,0.57,1.71,0.0,0.29,0.14,0.43,0.57,2.86
1630177,2.33,6.22,0.31,0.86,2.94,0.23,1.55,1.96,0.46,0.39,2.18,2.57,2.18,0.61,0.22,1.27,1.31,7.08
1630178,6.44,13.27,0.48,1.76,4.12,0.38,2.84,3.28,0.71,0.35,2.85,3.2,4.28,0.73,0.43,1.17,2.08,17.48
1630179,0.5,0.5,0.5,0.0,0.0,0.0,0.0,0.0,0.0,0.0,0.0,0.0,0.0,0.0,0.0,0.0,0.5,1.0
1630180,5.49,13.85,0.38,2.57,7.44,0.32,2.56,3.1,0.62,1.3,4.07,5.38,2.84,0.89,0.2,1.17,1.56,16.11
1630181,2.73,7.14,0.39,1.0,2.86,0.36,1.17,1.83,0.42,0.36,2.67,3.03,2.47,0.66,0.2,1.36,1.58,7.64
1630182,1.94,3.82,0.46,0.42,1.16,0.22,0.46,0.67,0.17,0.78,1.63,2.4,1.18,0.67,0.21,0.66,1.72,4.76
1630183,3.64,7.91,0.46,1.14,3.6,0.3,0.81,1.01,0.33,1.09,3.1,4.19,1.13,0.74,0.77,1.07,3.2,9.24
1630184,2.46,6.08,0.4,0.54,2.42,0.2,0.42,0.5,0.25,0.38,1.25,1.62,2.04,0.46,0.04,1.08,0.71,5.88
1630186,1.26,3.05,0.37,0.26,0.95,0.13,0.37,0.74,0.13,0.21,0.47,0.68,0.37,0.05,0.05,0.26,0.53,3.16
1630187,1.0,2.0,0.33,0.0,0.33,0.0,1.0,1.67,0.2,0.33,1.33,1.67,0.0,0.0,0.67,0.0,0.33,3.0
1630188,3.45,6.86,0.44,0.78,2.39,0.23,1.53,2.0,0.45,1.98,4.04,6.02,0.47,0.29,0.8,0.82,1.88,9.22
1630190,1.31,4.0,0.23,0.69,2.64,0.14,0.19,0.25,0.12,0.17,1.44,1.61,0.61,0.39,0.22,0.47,1.08,3.5
1630191,3.52,6.9,0.5,0.21,0.65,0.11,1.04,1.45,0.37,3.18,5.51,8.69,1.15,0.31,1.1,1.2,2.97,8.3
1630192,2.34,4.54,0.52,0.9,1.95,0.43,1.0,1.59,0.38,1.37,2.22,3.59,0.41,0.39,0.32,0.56,1.93,6.59
1630193,3.64,9.28,0.38,1.76,5.08,0.33,2.27,2.58,0.6,0.4,2.77,3.17,3.53,0.69,0.04,1.27,2.14,11.31
1630194,1.42,2.53,0.35,0.05,0.21,0.05,0.16,0.37,0.08,1.16,1.26,2.42,0.42,0.87,0.37,0.26,1.5,3.05
1630195,0.49,1.54,0.2,0.14,0.51,0.1,0.31,0.37,0.17,0.46,0.77,1.23,0.6,0.17,0.0,0.37,0.74,1.43
1630197,3.05,7.48,0.38,0.93,3.23,0.26,0.57,0.82,0.21,1.2,4.02,5.21,2.15,0.64,0.62,1.54,1.44,7.61
1630198,1.13,3.22,0.27,0.82,2.45,0.27,0.53,0.56,0.24,0.11,0.91,1.02,0.64,0.25,0.05,0.35,0.85,3.6
1630199,2.11,5.11,0.45,0.44,1.89,0.14,1.11,1.11,0.44,0.56,1.56,2.11,0.44,0.56,0.22,0.67,1.89,5.78
1630200,2.41,4.91,0.45,0.14,0.74,0.06,1.03,1.32,0.44,0.42,1.83,2.25,3.38,0.61,0.1,0.67,1.13,5.99
1630201,1.64,4.16,0.31,0.68,2.05,0.23,0.34,0.55,0.19,0.23,1.2,1.43,1.59,0.45,0.09,0.3,1.02,4.3
1630202,2.25,5.25,0.36,1.42,3.45,0.32,0.3,0.3,0.14,0.45,1.44,1.89,1.96,0.35,0.08,0.58,0.86,6.23
1630205,2.48,5.06,0.45,0.29,1.03,0.17,0.84,1.19,0.35,0.75,1.86,2.6,0.7,0.49,0.29,0.65,1.68,6.08
1630206,1.0,2.56,0.22,0.33,1.17,0.14,0.39,0.56,0.22,0.11,0.78,0.89,0.44,0.22,0.17,0.39,0.5,2.72
1630207,0.0,0.5,0.0,0.0,0.0,0.0,0.0,0.0,0.0,0.0,0.0,0.0,0.0,0.0,0.0,0.5,0.0,0.0
1630208,1.2,1.8,0.46,0.0,0.0,0.0,0.6,0.86,0.28,0.68,1.04,1.72,0.26,0.18,0.42,0.48,1.02,3.0
1630209,2.32,4.41,0.48,0.02,0.2,0.02,0.68,1.09,0.27,1.52,3.73,5.25,0.88,0.3,0.36,0.73,1.5,5.34
1630210,1.26,3.26,0.24,0.9,2.26,0.23,0.65,0.74,0.17,0.06,0.32,0.39,0.23,0.29,0.0,0.23,0.55,4.06
1630214,1.85,4.08,0.45,0.19,0.92,0.12,0.87,1.34,0.34,1.25,1.79,3.04,1.17,0.92,0.28,0.64,1.19,4.75
1630215,1.45,3.6,0.34,0.67,2.1,0.24,0.26,0.38,0.1,0.12,0.95,1.07,1.5,0.4,0.19,0.79,1.12,3.83
1630216,0.57,1.57,0.31,0.29,0.86,0.21,0.57,0.57,0.29,0.0,0.14,0.14,1.0,0.0,0.0,0.43,1.29,2.0
1630217,6.68,14.49,0.46,3.0,6.88,0.43,1.84,2.04,0.65,0.61,3.79,4.39,2.74,1.21,0.38,1.46,2.58,18.21
1630218,0.17,1.33,0.1,0.08,0.33,0.08,0.17,0.17,0.08,0.42,0.5,0.92,0.25,0.08,0.08,0.08,0.25,0.58
1630219,1.14,2.29,0.29,0.29,0.89,0.1,0.29,0.32,0.16,0.18,0.71,0.89,0.61,0.25,0.0,0.36,0.32,2.86
1630224,6.06,14.24,0.42,2.34,6.84,0.31,2.81,3.52,0.58,0.49,2.88,3.37,2.63,0.66,0.27,2.01,1.54,17.27
1630225,0.58,2.17,0.24,0.33,1.33,0.17,0.17,0.5,0.08,0.25,0.75,1.0,0.33,0.33,0.17,0.33,0.33,1.67
1630227,1.12,2.79,0.32,0.29,1.08,0.12,0.67,1.25,0.32,0.29,1.08,1.38,1.67,0.62,0.0,1.08,0.88,3.21
1630228,3.37,6.57,0.45,0.71,2.13,0.22,1.86,2.71,0.47,0.77,2.57,3.34,0.91,0.44,0.31,1.06,2.09,9.31
1630230,1.98,4.89,0.36,0.38,1.91,0.12,1.35,1.69,0.37,0.69,1.89,2.58,1.13,0.6,0.15,0.84,1.25,5.69
1630231,3.53,6.62,0.53,0.76,2.13,0.32,0.99,1.56,0.39,1.01,2.75,3.76,1.28,0.43,0.51,0.76,1.43,8.81
1630233,1.22,2.38,0.34,0.11,0.35,0.06,1.19,1.62,0.42,0.86,1.43,2.3,0.59,0.19,0.22,0.49,1.14,3.73
1630235,1.27,2.58,0.38,0.08,0.45,0.06,0.63,0.8,0.26,0.38,1.27,1.65,1.77,0.5,0.1,0.8,0.72,3.25
1630237,0.0,1.0,0.0,0.0,1.0,0.0,0.0,0.0,0.0,0.0,0.5,0.5,1.0,0.0,0.0,0.0,0.0,0.0
1630238,0.53,1.27,0.2,0.33,0.67,0.23,0.0,0.0,0.0,0.13,1.0,1.13,0.33,0.0,0.0,0.13,0.27,1.4
1630240,1.86,4.78,0.31,0.38,1.62,0.1,1.51,1.92,0.49,0.49,1.86,2.35,2.89,0.97,0.32,0.97,1.19,5.62
1630241,1.33,4.0,0.31,1.17,3.83,0.29,0.33,0.67,0.22,0.17,1.0,1.17,0.67,0.0,0.0,0.33,0.5,4.17
1630243,1.5,3.3,0.43,0.9,2.4,0.27,0.4,0.4,0.3,0.7,0.9,1.6,0.4,0.5,0.1,0.7,0.6,4.3
1630245,3.61,6.95,0.5,0.91,2.42,0.32,0.69,1.01,0.29,0.35,2.43,2.78,3.32,0.78,0.38,1.4,2.36,8.82
1630249,2.27,5.57,0.34,1.07,3.27,0.26,0.63,0.73,0.27,0.6,2.77,3.37,1.9,0.63,0.27,0.97,2.17,6.23
1630250,0.44,1.67,0.12,0.11,0.56,0.06,0.89,1.22,0.43,0.56,0.56,1.11,0.0,0.11,0.11,0.22,0.67,1.89
1630256,4.65,9.35,0.5,0.81,2.59,0.26,1.67,2.36,0.46,1.73,3.65,5.38,2.85,0.92,0.53,1.78,3.67,11.78
1630257,0.0,0.33,0.0,0.0,0.0,0.0,0.0,0.67,0.0,0.0,0.67,0.67,0.33,0.33,0.0,0.0,0.33,0.0
1630264,1.41,2.48,0.45,0.32,0.59,0.19,0.95,1.18,0.35,0.75,1.18,1.93,0.61,0.11,0.25,0.41,1.32,4.09
1630267,1.65,4.55,0.28,0.89,2.97,0.22,0.92,1.2,0.33,0.35,1.45,1.8,3.38,0.97,0.35,1.03,1.91,5.11
1630270,0.22,1.11,0.15,0.11,0.89,0.11,0.0,0.0,0.0,0.22,0.44,0.67,0.11,0.0,0.0,0.0,0.22,0.56
1630271,0.67,1.5,0.35,0.17,0.75,0.17,0.25,0.42,0.17,0.17,0.67,0.83,0.92,0.08,0.08,0.5,0.58,1.75
1630273,1.0,2.44,0.43,0.0,0.11,0.0,0.33,0.78,0.17,1.44,2.56,4.0,0.56,0.33,1.0,0.56,2.0,2.33
1630288,0.89,2.89,0.24,0.11,1.0,0.06,0.22,0.22,0.11,0.89,1.11,2.0,1.11,0.56,0.11,0.56,0.56,2.11
1630306,0.5,2.0,0.17,0.5,2.0,0.17,0.0,0.0,0.0,0.0,1.5,1.5,0.0,0.0,0.0,0.5,0.0,1.5
1630346,1.0,5.0,0.2,1.0,5.0,0.2,0.0,0.0,0.0,0.0,0.0,0.0,0.0,1.0,0.0,0.0,0.0,3.0
1630466,1.14,2.0,0.41,0.29,0.57,0.29,0.0,0.0,0.0,0.14,0.71,0.86,0.71,0.14,0.0,0.29,0.29,2.57
1630525,0.0,0.5,0.0,0.0,0.5,0.0,0.0,0.0,0.0,0.0,0.0,0.0,0.0,0.0,0.0,0.0,0.0,0.0
1630526,2.73,6.61,0.38,1.18,3.37,0.29,0.82,1.1,0.32,1.53,4.06,5.59,1.0,0.59,0.31,0.8,1.53,7.47
1630527,2.45,6.37,0.33,0.67,2.18,0.2,1.16,1.41,0.43,0.33,1.84,2.18,1.0,0.51,0.25,0.61,0.84,6.73
1630528,3.03,6.76,0.4,0.76,2.55,0.22,1.12,1.53,0.31,0.7,1.81,2.51,2.03,0.88,0.18,1.54,1.31,7.93
1630529,3.51,7.38,0.47,0.73,2.17,0.25,1.76,2.09,0.57,1.26,2.54,3.79,2.14,1.67,0.77,1.28,3.05,9.51
1630530,1.76,4.47,0.36,1.15,3.0,0.33,0.73,0.82,0.3,0.76,1.61,2.37,0.61,0.37,0.11,0.26,0.97,5.39
1630531,0.5,0.5,0.5,0.0,0.0,0.0,0.0,0.0,0.0,0.5,0.5,1.0,0.0,0.0,1.0,0.5,0.0,1.0
1630532,5.77,12.34,0.46,1.22,3.43,0.35,2.39,2.77,0.64,1.06,3.44,4.51,2.92,0.86,0.43,1.51,2.08,15.15
1630533,3.08,6.84,0.43,1.23,3.9,0.29,0.69,0.89,0.3,0.42,1.66,2.08,1.05,0.56,0.19,0.66,1.82,8.08
1630535,1.69,3.96,0.4,0.4,1.27,0.15,0.92,1.35,0.31,0.79,2.02,2.81,0.73,0.54,0.5,0.75,1.88,4.69
1630536,0.23,1.08,0.19,0.08,0.46,0.08,0.0,0.0,0.0,0.0,0.38,0.38,0.38,0.0,0.0,0.38,0.08,0.54
1630537,4.87,11.29,0.43,1.71,4.64,0.38,1.64,2.04,0.49,0.75,3.36,4.11,2.07,1.02,0.18,1.64,1.73,13.09
1630538,3.33,8.28,0.38,1.9,5.19,0.32,1.55,1.81,0.49,0.2,2.52,2.72,2.77,0.59,0.29,1.25,2.22,10.12
1630539,0.43,0.67,0.36,0.05,0.1,0.05,0.14,0.38,0.05,0.14,0.38,0.52,0.19,0.05,0.1,0.29,0.38,1.05
1630540,0.8,2.7,0.22,0.42,1.7,0.17,0.2,0.3,0.09,0.1,0.95,1.05,1.02,0.35,0.02,0.12,1.12,2.22
1630541,1.54,3.52,0.36,0.77,2.12,0.29,0.54,0.69,0.17,0.33,1.21,1.54,0.44,0.13,0.19,0.25,0.83,4.38
1630543,3.22,5.72,0.49,0.14,0.44,0.12,1.67,2.44,0.39,1.67,2.47,4.14,0.28,0.69,1.44,1.11,2.56,8.25
1630544,3.85,9.8,0.39,1.63,4.53,0.36,1.08,1.37,0.35,0.42,2.43,2.85,1.52,0.78,0.2,1.18,1.7,10.42
1630547,1.58,4.55,0.22,0.55,1.58,0.14,0.87,1.0,0.25,0.71,0.97,1.68,0.84,0.23,0.03,0.48,0.94,4.58
1630549,2.69,4.66,0.59,0.06,0.22,0.05,0.75,1.28,0.31,2.53,2.47,5.0,0.53,0.31,0.47,0.94,1.88,6.19
1630550,0.73,1.67,0.28,0.21,0.82,0.1,0.36,0.61,0.18,0.33,0.97,1.3,0.58,0.24,0.33,0.3,0.79,2.03
1630551,0.86,1.86,0.31,0.28,0.78,0.12,0.25,0.25,0.14,1.03,0.97,2.0,0.31,0.22,0.11,0.22,0.89,2.25
1630552,1.0,1.86,0.31,0.14,0.59,0.08,0.23,0.32,0.11,0.09,1.09,1.18,0.14,0.14,0.09,0.41,0.41,2.36
1630553,2.59,7.35,0.32,0.92,2.7,0.2,1.11,1.38,0.39,0.65,1.54,2.19,2.05,0.76,0.32,1.24,1.86,7.22
1630555,0.14,0.86,0.03,0.0,0.14,0.0,0.0,0.0,0.0,0.14,0.29,0.43,0.57,0.0,0.0,0.0,0.0,0.29
1630556,2.29,5.56,0.34,1.0,2.83,0.31,0.33,0.4,0.19,0.92,2.67,3.58,0.65,0.6,0.5,0.88,1.77,5.92
1630557,3.04,6.68,0.43,1.45,4.16,0.29,0.7,0.81,0.32,0.69,2.03,2.71,1.1,0.45,0.29,0.65,1.21,8.23
1630558,4.69,11.24,0.4,1.35,4.27,0.3,0.75,1.13,0.25,0.44,1.77,2.21,4.17,0.73,0.32,1.52,1.88,11.48
1630559,2.39,5.21,0.41,0.87,2.74,0.27,1.62,1.93,0.47,0.74,2.43,3.16,1.8,0.48,0.33,0.66,1.43,7.28
1630560,3.25,7.51,0.36,0.7,2.6,0.17,1.3,1.57,0.4,0.24,2.16,2.4,1.16,0.49,0.12,0.82,0.99,8.51
1630561,1.77,4.91,0.27,0.41,1.68,0.17,0.77,0.95,0.3,1.36,1.68,3.05,0.77,0.64,0.32,0.41,1.64,4.73
1630563,2.02,5.4,0.37,0.84,2.74,0.27,0.88,1.18,0.3,0.64,1.62,2.26,1.62,0.4,0.46,1.14,1.58,5.76
1630565,0.17,0.83,0.08,0.0,0.17,0.0,0.0,0.0,0.0,0.0,0.17,0.17,0.0,0.0,0.33,0.33,0.33,0.33
1630567,6.2,12.59,0.49,0.78,2.61,0.22,2.14,2.91,0.54,2.64,4.89,7.53,3.46,1.08,0.74,1.84,2.59,15.32
1630568,2.06,4.59,0.45,0.5,1.53,0.25,1.19,1.91,0.42,1.81,1.31,3.12,0.62,0.28,0.19,0.56,1.72,5.81
1630570,2.96,5.56,0.55,0.19,0.79,0.09,1.48,1.96,0.49,1.19,2.96,4.15,1.69,0.52,0.58,0.92,2.42,7.58
1630572,1.39,2.8,0.38,0.54,1.27,0.24,0.44,0.54,0.14,0.85,1.15,2.0,0.54,0.22,0.22,0.37,0.68,3.76
1630573,0.88,1.92,0.36,0.73,1.69,0.36,0.0,0.0,0.0,0.19,0.92,1.12,0.38,0.04,0.08,0.08,0.27,2.5
1630575,0.0,0.0,0.0,0.0,0.0,0.0,0.5,1.0,0.25,0.0,0.0,0.0,0.5,0.5,0.0,0.0,0.0,0.5
1630578,3.46,7.29,0.47,0.4,1.62,0.21,2.29,3.22,0.6,1.92,3.54,5.46,2.57,0.82,0.94,2.01,2.97,9.61
1630579,0.95,1.32,0.4,0.0,0.0,0.0,0.29,0.71,0.1,1.49,2.63,4.12,0.51,0.27,0.54,0.49,1.61,2.2
1630580,0.69,1.93,0.22,0.48,1.48,0.18,0.24,0.45,0.11,0.14,0.34,0.48,0.31,0.14,0.1,0.07,0.48,2.1
1630581,5.2,12.41,0.41,1.04,3.94,0.25,1.04,1.46,0.34,1.81,5.98,7.8,6.39,0.94,0.37,3.17,1.63,12.48
1630582,0.42,1.33,0.23,0.25,0.75,0.11,0.0,0.17,0.0,0.42,0.58,1.0,0.08,0.08,0.33,0.08,0.5,1.08
1630583,1.66,4.12,0.37,0.19,1.5,0.07,0.62,1.0,0.23,1.03,1.69,2.72,0.66,0.19,0.31,0.5,1.12,4.12
1630585,0.42,1.75,0.15,0.08,0.33,0.08,0.17,0.42,0.12,0.75,1.17,1.92,0.58,0.42,0.25,0.17,1.33,1.08
1630586,0.79,1.83,0.32,0.21,0.83,0.17,0.21,0.29,0.09,0.88,2.58,3.46,0.71,0.42,0.46,0.25,1.17,2.0
1630587,2.16,4.74,0.4,1.42,3.37,0.35,0.63,0.74,0.29,0.79,2.21,3.0,1.11,0.68,0.37,0.79,1.95,6.37
1630589,0.25,1.0,0.08,0.0,0.25,0.0,0.75,0.75,0.5,0.25,0.5,0.75,0.5,0.0,0.25,0.0,0.0,1.25
1630591,4.12,11.42,0.35,0.88,4.08,0.2,2.62,3.4,0.55,0.54,3.02,3.56,4.35,1.23,0.4,2.98,2.96,11.75
1630593,0.4,0.6,0.3,0.2,0.4,0.2,0.0,0.0,0.0,0.0,0.0,0.0,0.6,0.0,0.0,0.2,0.2,1.0
1630595,6.7,16.11,0.41,1.78,5.67,0.28,2.22,2.62,0.58,0.91,4.62,5.53,5.56,1.22,0.67,3.66,3.12,17.41
1630596,6.12,12.03,0.51,0.33,1.33,0.15,2.42,3.65,0.61,2.07,6.19,8.26,2.52,0.81,1.67,1.93,2.13,14.99
1630598,3.12,6.74,0.43,0.84,2.76,0.28,1.24,1.7,0.42,1.02,2.54,3.56,1.36,0.6,0.2,1.08,1.86,8.32
1630602,2.0,6.4,0.41,1.2,3.6,0.2,1.0,1.2,0.35,0.2,3.0,3.2,0.8,0.4,0.0,0.2,1.4,6.2
1630605,0.0,0.5,0.0,0.0,0.25,0.0,0.0,0.0,0.0,0.0,0.0,0.0,0.5,0.0,0.0,0.0,0.25,0.0
1630606,1.12,3.53,0.2,0.47,1.59,0.18,0.29,0.35,0.1,0.29,1.12,1.41,0.94,0.35,0.18,0.65,0.71,3.0
1630610,0.0,0.0,0.0,0.0,0.0,0.0,0.0,0.0,0.0,0.0,0.0,0.0,0.0,0.0,0.0,0.0,0.0,0.0
1630612,0.43,1.29,0.21,0.0,0.14,0.0,0.21,0.29,0.11,0.21,0.29,0.5,0.86,0.07,0.0,0.21,0.14,1.07
1630613,3.6,8.9,0.36,1.69,4.48,0.33,0.96,1.27,0.38,0.08,1.65,1.73,1.77,0.54,0.06,1.19,1.38,9.85
1630624,0.0,1.0,0.0,0.0,0.0,0.0,0.0,0.0,0.0,0.5,0.0,0.5,0.5,0.5,0.0,0.5,0.5,0.0
1630625,1.3,3.16,0.33,0.2,0.8,0.1,0.41,0.69,0.17,0.59,1.34,1.94,1.55,0.44,0.16,0.83,1.06,3.2
1630631,2.43,5.44,0.37,0.59,2.04,0.19,0.67,0.98,0.23,0.46,1.39,1.85,2.81,1.31,0.13,0.74,1.35,6.11
1630637,0.2,1.8,0.2,0.0,0.2,0.0,0.4,0.4,0.2,0.2,0.4,0.6,1.0,0.2,0.0,0.6,0.0,0.8
1630640,0.0,2.0,0.0,0.0,1.0,0.0,0.0,0.0,0.0,0.0,0.5,0.5,0.5,1.0,0.0,0.0,0.5,0.0
1630643,0.0,0.75,0.0,0.0,0.5,0.0,0.0,0.0,0.0,0.25,0.75,1.0,0.25,0.25,0.25,0.25,0.25,0.0
1630644,1.5,3.0,0.7,0.5,1.5,0.17,0.5,0.5,0.5,0.0,1.5,1.5,0.5,0.5,0.5,1.5,2.5,4.0
1630647,0.5,1.25,0.12,0.25,0.5,0.12,0.5,1.0,0.25,0.5,1.25,1.75,0.5,0.0,0.0,0.0,0.5,1.75
1630648,0.25,2.75,0.06,0.25,1.5,0.08,0.5,0.5,0.25,0.5,1.5,2.0,0.0,0.25,0.0,0.25,0.0,1.25
1630678,4.09,6.67,0.57,0.36,1.15,0.2,1.09,1.55,0.41,2.88,2.33,5.21,1.24,0.42,0.24,0.7,1.85,9.64
1630686,2.38,5.15,0.34,0.77,2.0,0.24,1.08,2.31,0.32,0.46,1.15,1.62,0.92,0.85,0.15,1.54,1.46,6.62
1630688,0.91,2.31,0.22,0.42,1.31,0.16,0.16,0.27,0.09,0.6,0.6,1.2,0.33,0.44,0.13,0.29,1.09,2.4
1630691,1.38,3.85,0.33,1.0,3.0,0.29,0.08,0.15,0.04,0.46,2.0,2.46,0.54,0.0,0.54,0.38,0.92,3.85
1630692,0.0,1.5,0.0,0.0,0.5,0.0,0.0,0.0,0.0,0.0,0.5,0.5,0.0,0.0,0.0,0.0,0.5,0.0
1630693,0.0,0.0,0.0,0.0,0.0,0.0,0.0,0.0,0.0,0.0,0.0,0.0,0.0,0.0,0.0,0.0,0.0,0.0
1630695,1.67,3.67,0.3,0.0,0.67,0.0,0.67,0.67,0.33,1.33,1.67,3.0,0.0,0.33,0.33,0.33,1.33,4.0
1630698,0.62,1.92,0.2,0.25,1.08,0.12,0.12,0.17,0.06,0.08,0.38,0.46,1.25,0.12,0.0,0.29,0.46,1.62
