id,full_name,first_name,last_name,is_active
1630173,Precious Achiuwa,Precious,Achiuwa,True
203500,Steven Adams,Steven,Adams,True
1628389,Bam Adebayo,Bam,Adebayo,True
1630583,Santi Aldama,Santi,Aldama,True
200746,LaMarcus Aldridge,LaMarcus,Aldridge,True
1629638,Nickeil Alexander-Walker,Nickeil,Alexander-Walker,True
1628960,Grayson Allen,Grayson,Allen,True
1628386,Jarrett Allen,Jarrett,Allen,True
1630247,Derrick Alston Jr.,Derrick,Alston Jr.,True
1630631,Jose Alvarado,Jose,Alvarado,True
202329,Al-Farouq Aminu,Al-Farouq,Aminu,True
203937,Kyle Anderson,Kyle,Anderson,True
203507,Giannis Antetokounmpo,Giannis,Antetokounmpo,True
203648,Thanasis Antetokounmpo,Thanasis,Antetokounmpo,True
2546,Carmelo Anthony,Carmelo,Anthony,True
1630175,Cole Anthony,Cole,Anthony,True
1628384,OG Anunoby,OG,Anunoby,True
1627853,Ryan Arcidiacono,Ryan,Arcidiacono,True
2772,Trevor Ariza,Trevor,Ariza,True
201571,D.J. Augustin,D.J.,Augustin,True
1630166,Deni Avdija,Deni,Avdija,True
1630555,Joel Ayayi,Joel,Ayayi,True
1629028,Deandre Ayton,Deandre,Ayton,True
1628962,Udoka Azubuike,Udoka,Azubuike,True
1628407,Dwayne Bacon,Dwayne,Bacon,True
1628963,Marvin Bagley III,Marvin,Bagley III,True
1630163,LaMelo Ball,LaMelo,Ball,True
1628366,Lonzo Ball,Lonzo,Ball,True
1630642,Mitch Ballock,Mitch,Ballock,True
1628964,Mo Bamba,Mo,Bamba,True
1630217,Desmond Bane,Desmond,Bane,True
1630625,Dalano Banton,Dalano,Banton,True
203084,Harrison Barnes,Harrison,Barnes,True
1630567,Scottie Barnes,Scottie,Barnes,True
1629628,RJ Barrett,RJ,Barrett,True
203115,Will Barton,Will,Barton,True
1629646,Charles Bassey,Charles,Bassey,True
1628966,Keita Bates-Diop,Keita,Bates-Diop,True
201587,Nicolas Batum,Nicolas,Batum,True
203145,Kent Bazemore,Kent,Bazemore,True
1629647,Darius Bazley,Darius,Bazley,True
203078,Bradley Beal,Bradley,Beal,True
1627736,Malik Beasley,Malik,Beasley,True
1628395,Jordan Bell,Jordan,Bell,True
1627761,DeAndre' Bembry,DeAndre',Bembry,True
202722,Davis Bertans,Davis,Bertans,True
201976,Patrick Beverley,Patrick,Beverley,True
1630180,Saddiq Bey,Saddiq,Bey,True
1630189,Tyler Bey,Tyler,Bey,True
203920,Khem Birch,Khem,Birch,True
1629048,Goga Bitadze,Goga,Bitadze,True
202357,Nemanja Bjelica,Nemanja,Bjelica,True
204028,Tarik Black,Tarik,Black,True
202339,Eric Bledsoe,Eric,Bledsoe,True
1629833,Keljin Blevins,Keljin,Blevins,True
203992,Bogdan Bogdanovic,Bogdan,Bogdanovic,True
202711,Bojan Bogdanovic,Bojan,Bogdanovic,True
1629626,Bol Bol,Bol,Bol,True
1629716,Marques Bolden,Marques,Bolden,True
1630195,Leandro Bolmaro,Leandro,Bolmaro,True
1629067,Isaac Bonga,Isaac,Bonga,True
1626164,Devin Booker,Devin,Booker,True
1630527,Brandon Boston Jr.,Brandon,Boston Jr.,True
1628449,Chris Boucher,Chris,Boucher,True
1630547,James Bouknight,James,Bouknight,True
1628968,Brian Bowen II,Brian,Bowen II,True
202340,Avery Bradley,Avery,Bradley,True
1628396,Tony Bradley,Tony,Bradley,True
1629649,Ignas Brazdeikis,Ignas,Brazdeikis,True
1628969,Mikal Bridges,Mikal,Bridges,True
1628970,Miles Bridges,Miles,Bridges,True
1629052,Oshae Brissett,Oshae,Brissett,True
1627763,Malcolm Brogdon,Malcolm,Brogdon,True
1629717,Armoni Brooks,Armoni,Brooks,True
1628415,Dillon Brooks,Dillon,Brooks,True
1628971,Bruce Brown,Bruce,Brown,True
1630602,Chaundee Brown,Chaundee,Brown,True
1627759,Jaylen Brown,Jaylen,Brown,True
1629650,Moses Brown,Moses,Brown,True
1628425,Sterling Brown,Sterling,Brown,True
1630535,Greg Brown III,Greg,Brown III,True
1628972,Troy Brown Jr.,Troy,Brown Jr.,True
1628973,Jalen Brunson,Jalen,Brunson,True
1629091,Elijah Bryant,Elijah,Bryant,True
1628418,Thomas Bryant,Thomas,Bryant,True
1629783,Shaq Buchanan,Shaq,Buchanan,True
203493,Reggie Bullock,Reggie,Bullock,True
203504,Trey Burke,Trey,Burke,True
202692,Alec Burks,Alec,Burks,True
1630215,Jared Butler,Jared,Butler,True
202710,Jimmy Butler,Jimmy,Butler,True
1629719,Devontae Cacok,Devontae,Cacok,True
203484,Kentavious Caldwell-Pope,Kentavious,Caldwell-Pope,True
1630267,Facundo Campazzo,Facundo,Campazzo,True
1628427,Vlatko Cancar,Vlatko,Cancar,True
203991,Clint Capela,Clint,Capela,True
1630176,Vernon Carey Jr.,Vernon,Carey Jr.,True
1628975,Jevon Carter,Jevon,Carter,True
1628976,Wendell Carter Jr.,Wendell,Carter Jr.,True
203487,Michael Carter-Williams,Michael,Carter-Williams,True
1630618,D.J. Carton,D.J.,Carton,True
1627936,Alex Caruso,Alex,Caruso,True
1626161,Willie Cauley-Stein,Willie,Cauley-Stein,True
1630551,Justin Champagnie,Justin,Champagnie,True
1629597,Zylan Cheatham,Zylan,Cheatham,True
1629185,Chris Chiozza,Chris,Chiozza,True
1627737,Marquese Chriss,Marquese,Chriss,True
1630528,Josh Christopher,Josh,Christopher,True
1629634,Brandon Clarke,Brandon,Clarke,True
203903,Jordan Clarkson,Jordan,Clarkson,True
1629651,Nicolas Claxton,Nicolas,Claxton,True
1629599,Amir Coffey,Amir,Coffey,True
1630645,Matt Coleman III,Matt,Coleman III,True
1628381,John Collins,John,Collins,True
1628380,Zach Collins,Zach,Collins,True
201144,Mike Conley,Mike,Conley,True
1626192,Pat Connaughton,Pat,Connaughton,True
1626188,Quinn Cook,Quinn,Cook,True
1629076,Tyler Cook,Tyler,Cook,True
1630536,Sharife Cooper,Sharife,Cooper,True
1627822,Petr Cornelie,Petr,Cornelie,True
203496,Robert Covington,Robert,Covington,True
1628470,Torrey Craig,Torrey,Craig,True
203109,Jae Crowder,Jae,Crowder,True
1629633,Jarrett Culver,Jarrett,Culver,True
1630595,Cade Cunningham,Cade,Cunningham,True
203099,Jared Cunningham,Jared,Cunningham,True
203552,Seth Curry,Seth,Curry,True
201939,Stephen Curry,Stephen,Curry,True
203076,Anthony Davis,Anthony,Davis,True
1629056,Terence Davis,Terence,Davis,True
1629602,Javin DeLaurier,Javin,DeLaurier,True
201942,DeMar DeRozan,DeMar,DeRozan,True
1630466,Gabriel Deck,Gabriel,Deck,True
203473,Dewayne Dedmon,Dewayne,Dedmon,True
1626155,Sam Dekker,Sam,Dekker,True
1628978,Donte DiVincenzo,Donte,DiVincenzo,True
1629603,Mamadi Diakite,Mamadi,Diakite,True
1628977,Hamidou Diallo,Hamidou,Diallo,True
203476,Gorgui Dieng,Gorgui,Dieng,True
203915,Spencer Dinwiddie,Spencer,Dinwiddie,True
1629029,Luka Doncic,Luka,Doncic,True
1629652,Luguentz Dort,Luguentz,Dort,True
1630245,Ayo Dosunmu,Ayo,Dosunmu,True
1629653,Devon Dotson,Devon,Dotson,True
1629635,Sekou Doumbouya,Sekou,Doumbouya,True
1630288,Jeff Dowtin,Jeff,Dowtin,True
1628408,PJ Dozier,PJ,Dozier,True
201609,Goran Dragic,Goran,Dragic,True
203083,Andre Drummond,Andre,Drummond,True
1630537,Chris Duarte,Chris,Duarte,True
1630561,David Duke Jr.,David,Duke Jr.,True
1627739,Kris Dunn,Kris,Dunn,True
201142,Kevin Durant,Kevin,Durant,True
1630693,Jaime Echenique,Jaime,Echenique,True
1630162,Anthony Edwards,Anthony,Edwards,True
1630556,Kessler Edwards,Kessler,Edwards,True
1630306,Rob Edwards,Rob,Edwards,True
1629604,CJ Elleby,CJ,Elleby,True
201961,Wayne Ellington,Wayne,Ellington,True
203954,Joel Embiid,Joel,Embiid,True
1629234,Drew Eubanks,Drew,Eubanks,True
203957,Dante Exum,Dante,Exum,True
1629605,Tacko Fall,Tacko,Fall,True
202324,Derrick Favors,Derrick,Favors,True
1628981,Bruno Fernando,Bruno,Fernando,True
1627827,Dorian Finney-Smith,Dorian,Finney-Smith,True
1630238,Malik Fitts,Malik,Fitts,True
1630201,Malachi Flynn,Malachi,Flynn,True
1627854,Bryn Forbes,Bryn,Forbes,True
1630235,Trent Forrest,Trent,Forrest,True
203095,Evan Fournier,Evan,Fournier,True
1628368,De'Aaron Fox,De'Aaron,Fox,True
1628365,Markelle Fultz,Markelle,Fultz,True
1629117,Wenyen Gabriel,Wenyen,Gabriel,True
1629655,Daniel Gafford,Daniel,Gafford,True
201568,Danilo Gallinari,Danilo,Gallinari,True
204038,Langston Galloway,Langston,Galloway,True
1629636,Darius Garland,Darius,Garland,True
1630585,Marcus Garrett,Marcus,Garrett,True
1630586,Usman Garuba,Usman,Garuba,True
1630568,Luka Garza,Luka,Garza,True
200752,Rudy Gay,Rudy,Gay,True
202331,Paul George,Paul,George,True
201959,Taj Gibson,Taj,Gibson,True
1630581,Josh Giddey,Josh,Giddey,True
1628385,Harry Giles III,Harry,Giles III,True
1628983,Shai Gilgeous-Alexander,Shai,Gilgeous-Alexander,True
1630264,Anthony Gill,Anthony,Gill,True
1630273,Freddie Gillespie,Freddie,Gillespie,True
203497,Rudy Gobert,Rudy,Gobert,True
1630692,Jordan Goodwin,Jordan,Goodwin,True
203932,Aaron Gordon,Aaron,Gordon,True
201569,Eric Gordon,Eric,Gordon,True
1628984,Devonte' Graham,Devonte',Graham,True
203924,Jerami Grant,Jerami,Grant,True
1629755,Hassani Gravett,Hassani,Gravett,True
201980,Danny Green,Danny,Green,True
203110,Draymond Green,Draymond,Green,True
203210,JaMychal Green,JaMychal,Green,True
1630224,Jalen Green,Jalen,Green,True
1629750,Javonte Green,Javonte,Green,True
201145,Jeff Green,Jeff,Green,True
1630182,Josh Green,Josh,Green,True
201933,Blake Griffin,Blake,Griffin,True
1629656,Quentin Grimes,Quentin,Grimes,True
1629657,Kyle Guy,Kyle,Guy,True
1629060,Rui Hachimura,Rui,Hachimura,True
1630169,Tyrese Haliburton,Tyrese,Haliburton,True
1629148,Johnny Hamilton,Johnny,Hamilton,True
1630181,R.J. Hampton,R.J.,Hampton,True
203501,Tim Hardaway Jr.,Tim,Hardaway Jr.,True
201935,James Harden,James,Harden,True
203090,Maurice Harkless,Maurice,Harkless,True
1629607,Jared Harper,Jared,Harper,True
1626149,Montrezl Harrell,Montrezl,Harrell,True
203914,Gary Harris,Gary,Harris,True
203925,Joe Harris,Joe,Harris,True
202699,Tobias Harris,Tobias,Harris,True
1627885,Shaquille Harrison,Shaquille,Harrison,True
1628404,Josh Hart,Josh,Hart,True
1628392,Isaiah Hartenstein,Isaiah,Hartenstein,True
2617,Udonis Haslem,Udonis,Haslem,True
1630573,Sam Hauser,Sam,Hauser,True
1629637,Jaxson Hayes,Jaxson,Hayes,True
1630165,Killian Hayes,Killian,Hayes,True
202330,Gordon Hayward,Gordon,Hayward,True
1630565,Aaron Henry,Aaron,Henry,True
1627823,Juancho Hernangomez,Juancho,Hernangomez,True
1626195,Willy Hernangomez,Willy,Hernangomez,True
1629639,Tyler Herro,Tyler,Herro,True
1627741,Buddy Hield,Buddy,Hield,True
201588,George Hill,George,Hill,True
203524,Solomon Hill,Solomon,Hill,True
1630207,Nate Hinton,Nate,Hinton,True
1628988,Aaron Holiday,Aaron,Holiday,True
201950,Jrue Holiday,Jrue,Holiday,True
203200,Justin Holiday,Justin,Holiday,True
1626158,Richaun Holmes,Richaun,Holmes,True
1629756,Daulton Hommes,Daulton,Hommes,True
203918,Rodney Hood,Rodney,Hood,True
201143,Al Horford,Al,Horford,True
1629659,Talen Horton-Tucker,Talen,Horton-Tucker,True
1627863,Danuel House Jr.,Danuel,House Jr.,True
2730,Dwight Howard,Dwight,Howard,True
1630210,Markus Howard,Markus,Howard,True
1628989,Kevin Huerter,Kevin,Huerter,True
1630643,Jay Huff,Jay,Huff,True
1630190,Elijah Hughes,Elijah,Hughes,True
1630624,Feron Hunt,Feron,Hunt,True
1629631,De'Andre Hunter,De'Andre,Hunter,True
1628990,Chandler Hutchison,Chandler,Hutchison,True
1630538,Nah'Shon Hyland,Nah'Shon,Hyland,True
201586,Serge Ibaka,Serge,Ibaka,True
2738,Andre Iguodala,Andre,Iguodala,True
204060,Joe Ingles,Joe,Ingles,True
1627742,Brandon Ingram,Brandon,Ingram,True
202681,Kyrie Irving,Kyrie,Irving,True
1628371,Jonathan Isaac,Jonathan,Isaac,True
1628411,Wes Iwundu,Wes,Iwundu,True
1628402,Frank Jackson,Frank,Jackson,True
1630543,Isaiah Jackson,Isaiah,Jackson,True
1628367,Josh Jackson,Josh,Jackson,True
202704,Reggie Jackson,Reggie,Jackson,True
1628991,Jaren Jackson Jr.,Jaren,Jackson Jr.,True
2544,LeBron James,LeBron,James,True
1630610,DeJon Jarreau,DeJon,Jarreau,True
1629660,Ty Jerome,Ty,Jerome,True
1630198,Isaiah Joe,Isaiah,Joe,True
1628993,Alize Johnson,Alize,Johnson,True
1629661,Cameron Johnson,Cameron,Johnson,True
1630525,David Johnson,David,Johnson,True
1630552,Jalen Johnson,Jalen,Johnson,True
201949,James Johnson,James,Johnson,True
1629640,Keldon Johnson,Keldon,Johnson,True
1630553,Keon Johnson,Keon,Johnson,True
1626169,Stanley Johnson,Stanley,Johnson,True
203999,Nikola Jokic,Nikola,Jokic,True
1630637,Carlik Jones,Carlik,Jones,True
1627745,Damian Jones,Damian,Jones,True
1630529,Herbert Jones,Herbert,Jones,True
1630539,Kai Jones,Kai,Jones,True
1630200,Tre Jones,Tre,Jones,True
1626145,Tyus Jones,Tyus,Jones,True
1627884,Derrick Jones Jr.,Derrick,Jones Jr.,True
201599,DeAndre Jordan,DeAndre,Jordan,True
202709,Cory Joseph,Cory,Joseph,True
1629662,Mfiondu Kabengele,Mfiondu,Kabengele,True
1630686,Georgios Kalaitzakis,Georgios,Kalaitzakis,True
1626163,Frank Kaminsky,Frank,Kaminsky,True
202683,Enes Kanter,Enes,Kanter,True
1628379,Luke Kennard,Luke,Kennard,True
1628994,George King,George,King,True
1629663,Louis King,Louis,King,True
1630557,Corey Kispert,Corey,Kispert,True
1628467,Maxi Kleber,Maxi,Kleber,True
1630233,Nathan Knight,Nathan,Knight,True
1628995,Kevin Knox II,Kevin,Knox II,True
1629723,John Konchar,John,Konchar,True
1627788,Furkan Korkmaz,Furkan,Korkmaz,True
1630249,Vit Krejci,Vit,Krejci,True
1629083,Arnoldas Kulboka,Arnoldas,Kulboka,True
1630228,Jonathan Kuminga,Jonathan,Kuminga,True
1628398,Kyle Kuzma,Kyle,Kuzma,True
203897,Zach LaVine,Zach,LaVine,True
1630237,Anthony Lamb,Anthony,Lamb,True
203087,Jeremy Lamb,Jeremy,Lamb,True
1629111,Jock Landale,Jock,Landale,True
1629641,Romeo Langford,Romeo,Langford,True
1630639,AJ Lawson,AJ,Lawson,True
1627774,Jake Layman,Jake,Layman,True
1627747,Caris LeVert,Caris,LeVert,True
1627814,Damion Lee,Damion,Lee,True
1630240,Saben Lee,Saben,Lee,True
203458,Alex Len,Alex,Len,True
202695,Kawhi Leonard,Kawhi,Leonard,True
1630665,Matt Lewis,Matt,Lewis,True
1630575,Scottie Lewis,Scottie,Lewis,True
1630184,Kira Lewis Jr.,Kira,Lewis Jr.,True
203081,Damian Lillard,Damian,Lillard,True
1629642,Nassir Little,Nassir,Little,True
1630587,Isaiah Livers,Isaiah,Livers,True
1626172,Kevon Looney,Kevon,Looney,True
201572,Brook Lopez,Brook,Lopez,True
201577,Robin Lopez,Robin,Lopez,True
1629712,Didi Louzada,Didi,Louzada,True
201567,Kevin Love,Kevin,Love,True
200768,Kyle Lowry,Kyle,Lowry,True
1627789,Timothe Luwawu-Cabarrot,Timothe,Luwawu-Cabarrot,True
1626168,Trey Lyles,Trey,Lyles,True
1630177,Theo Maledon,Theo,Maledon,True
1630572,Sandro Mamukelashvili,Sandro,Mamukelashvili,True
1629611,Terance Mann,Terance,Mann,True
1630544,Tre Mann,Tre,Mann,True
1626246,Boban Marjanovic,Boban,Marjanovic,True
1628374,Lauri Markkanen,Lauri,Markkanen,True
1630230,Naji Marshall,Naji,Marshall,True
1628997,Caleb Martin,Caleb,Martin,True
1628998,Cody Martin,Cody,Martin,True
1630231,KJ Martin,KJ,Martin,True
1629103,Kelan Martin,Kelan,Martin,True
1629726,Garrison Mathews,Garrison,Mathews,True
1630178,Tyrese Maxey,Tyrese,Maxey,True
1630219,Skylar Mays,Skylar,Mays,True
1630540,Miles McBride,Miles,McBride,True
1630644,Mac McClung,Mac,McClung,True
203468,CJ McCollum,CJ,McCollum,True
204456,T.J. McConnell,T.J.,McConnell,True
1630183,Jaden McDaniels,Jaden,McDaniels,True
1629667,Jalen McDaniels,Jalen,McDaniels,True
203926,Doug McDermott,Doug,McDermott,True
1630253,Sean McDermott,Sean,McDermott,True
201580,JaVale McGee,JaVale,McGee,True
203585,Rodney McGruder,Rodney,McGruder,True
1630605,JaQuori McLaughlin,JaQuori,McLaughlin,True
1629162,Jordan McLaughlin,Jordan,McLaughlin,True
203463,Ben McLemore,Ben,McLemore,True
1629001,De'Anthony Melton,De'Anthony,Melton,True
1630241,Sam Merrill,Sam,Merrill,True
1629002,Chimezie Metu,Chimezie,Metu,True
203114,Khris Middleton,Khris,Middleton,True
1630627,Isaiah Miller,Isaiah,Miller,True
201988,Patty Mills,Patty,Mills,True
200794,Paul Millsap,Paul,Millsap,True
1629003,Shake Milton,Shake,Milton,True
1630558,Davion Mitchell,Davion,Mitchell,True
1628378,Donovan Mitchell,Donovan,Mitchell,True
1630596,Evan Mobley,Evan,Mobley,True
1628370,Malik Monk,Malik,Monk,True
1630541,Moses Moody,Moses,Moody,True
202734,E'Twaun Moore,E'Twaun,Moore,True
1629630,Ja Morant,Ja,Morant,True
1629752,Juwan Morgan,Juwan,Morgan,True
202693,Markieff Morris,Markieff,Morris,True
1628420,Monte Morris,Monte,Morris,True
202694,Marcus Morris Sr.,Marcus,Morris Sr.,True
1628539,Mychal Mulder,Mychal,Mulder,True
1630530,Trey Murphy III,Trey,Murphy III,True
1627749,Dejounte Murray,Dejounte,Murray,True
1627750,Jamal Murray,Jamal,Murray,True
203488,Mike Muscala,Mike,Muscala,True
1629004,Svi Mykhailiuk,Svi,Mykhailiuk,True
1627846,Abdel Nader,Abdel,Nader,True
1626204,Larry Nance Jr.,Larry,Nance Jr.,True
1630612,RJ Nembhard Jr.,RJ,Nembhard Jr.,True
1630174,Aaron Nesmith,Aaron,Nesmith,True
203526,Raul Neto,Raul,Neto,True
1627777,Georges Niang,Georges,Niang,True
1630227,Daishen Nix,Daishen,Nix,True
1630192,Zeke Nnaji,Zeke,Nnaji,True
203457,Nerlens Noel,Nerlens,Noel,True
1629669,Jaylen Nowell,Jaylen,Nowell,True
1628373,Frank Ntilikina,Frank,Ntilikina,True
1629134,Kendrick Nunn,Kendrick,Nunn,True
203994,Jusuf Nurkic,Jusuf,Nurkic,True
1628021,David Nwaba,David,Nwaba,True
1629670,Jordan Nwora,Jordan,Nwora,True
203948,Johnny O'Bryant III,Johnny,O'Bryant III,True
1626220,Royce O'Neale,Royce,O'Neale,True
1628400,Semi Ojeleye,Semi,Ojeleye,True
1626143,Jahlil Okafor,Jahlil,Okafor,True
1629643,Chuma Okeke,Chuma,Okeke,True
1629006,Josh Okogie,Josh,Okogie,True
1630168,Onyeka Okongwu,Onyeka,Okongwu,True
1630171,Isaac Okoro,Isaac,Okoro,True
1629644,KZ Okpala,KZ,Okpala,True
203506,Victor Oladipo,Victor,Oladipo,True
1628419,Cameron Oliver,Cameron,Oliver,True
203482,Kelly Olynyk,Kelly,Olynyk,True
1630647,Eugene Omoruyi,Eugene,Omoruyi,True
1629671,Miye Oni,Miye,Oni,True
1626224,Cedi Osman,Cedi,Osman,True
1630187,Daniel Oturu,Daniel,Oturu,True
1626162,Kelly Oubre Jr.,Kelly,Oubre Jr.,True
1630698,Kevin Pangos,Kevin,Pangos,True
203953,Jabari Parker,Jabari,Parker,True
1629672,Eric Paschall,Eric,Paschall,True
202335,Patrick Patterson,Patrick,Patterson,True
101108,Chris Paul,Chris,Paul,True
1626166,Cameron Payne,Cameron,Payne,True
203901,Elfrid Payton,Elfrid,Payton,True
1627780,Gary Payton II,Gary,Payton II,True
1629617,Reggie Perry,Reggie,Perry,True
1630691,Jamorko Pickett,Jamorko,Pickett,True
1629033,Theo Pinson,Theo,Pinson,True
203486,Mason Plumlee,Mason,Plumlee,True
1627751,Jakob Poeltl,Jakob,Poeltl,True
1630197,Aleksej Pokusevski,Aleksej,Pokusevski,True
1630582,Yves Pons,Yves,Pons,True
1629673,Jordan Poole,Jordan,Poole,True
1629645,Kevin Porter Jr.,Kevin,Porter Jr.,True
1629008,Michael Porter Jr.,Michael,Porter Jr.,True
203490,Otto Porter Jr.,Otto,Porter Jr.,True
1626171,Bobby Portis,Bobby,Portis,True
204001,Kristaps Porzingis,Kristaps,Porzingis,True
1630695,Micah Potter,Micah,Potter,True
203939,Dwight Powell,Dwight,Powell,True
1626181,Norman Powell,Norman,Powell,True
1630554,Jason Preston,Jason,Preston,True
1630563,Joshua Primo,Joshua,Primo,True
1627752,Taurean Prince,Taurean,Prince,True
1630202,Payton Pritchard,Payton,Pritchard,True
1630243,Trevelin Queen,Trevelin,Queen,True
1629674,Neemias Queta,Neemias,Queta,True
1630193,Immanuel Quickley,Immanuel,Quickley,True
1630186,Jahmi'us Ramsey,Jahmi'us,Ramsey,True
1626184,Chasson Randle,Chasson,Randle,True
203944,Julius Randle,Julius,Randle,True
1630559,Austin Reaves,Austin,Reaves,True
1629629,Cam Reddish,Cam,Reddish,True
1628432,Davon Reed,Davon,Reed,True
1630194,Paul Reed,Paul,Reed,True
1629675,Naz Reid,Naz,Reid,True
1630208,Nick Richards,Nick,Richards,True
1626196,Josh Richardson,Josh,Richardson,True
1630203,Grant Riller,Grant,Riller,True
203085,Austin Rivers,Austin,Rivers,True
1629130,Duncan Robinson,Duncan,Robinson,True
1629620,Justin Robinson,Justin,Robinson,True
1629011,Mitchell Robinson,Mitchell,Robinson,True
1630526,Jeremiah Robinson-Earl,Jeremiah,Robinson-Earl,True
1629676,Isaiah Roby,Isaiah,Roby,True
200765,Rajon Rondo,Rajon,Rondo,True
201565,Derrick Rose,Derrick,Rose,True
203082,Terrence Ross,Terrence,Ross,True
1626179,Terry Rozier,Terry,Rozier,True
201937,Ricky Rubio,Ricky,Rubio,True
1626156,D'Angelo Russell,D'Angelo,Russell,True
1630346,Matt Ryan,Matt,Ryan,True
1627734,Domantas Sabonis,Domantas,Sabonis,True
1629677,Luka Samanic,Luka,Samanic,True
203967,Dario Saric,Dario,Saric,True
203107,Tomas Satoransky,Tomas,Satoransky,True
1630648,Jordan Schakel,Jordan,Schakel,True
1629678,Admiral Schofield,Admiral,Schofield,True
203471,Dennis Schroder,Dennis,Schroder,True
1630206,Jay Scrubb,Jay,Scrubb,True
1627782,Wayne Selden,Wayne,Selden,True
1630578,Alperen Sengun,Alperen,Sengun,True
1629012,Collin Sexton,Collin,Sexton,True
1629013,Landry Shamet,Landry,Shamet,True
1630549,Day'Ron Sharpe,Day'Ron,Sharpe,True
1627783,Pascal Siakam,Pascal,Siakam,True
1629735,Chris Silva,Chris,Silva,True
1627732,Ben Simmons,Ben,Simmons,True
1630603,Aamir Simms,Aamir,Simms,True
1630250,Marko Simonovic,Marko,Simonovic,True
1629014,Anfernee Simons,Anfernee,Simons,True
1630579,Jericho Sims,Jericho,Sims,True
1630606,Javonte Smart,Javonte,Smart,True
203935,Marcus Smart,Marcus,Smart,True
1630607,Chris Smith,Chris,Smith,True
1630696,Dru Smith,Dru,Smith,True
202397,Ish Smith,Ish,Smith,True
1630188,Jalen Smith,Jalen,Smith,True
1628372,Dennis Smith Jr.,Dennis,Smith Jr.,True
1630270,Xavier Sneed,Xavier,Sneed,True
203503,Tony Snell,Tony,Snell,True
1630531,Jaden Springer,Jaden,Springer,True
1630199,Cassius Stanley,Cassius,Stanley,True
1630205,Lamar Stevens,Lamar,Stevens,True
1630569,DJ Steward,DJ,Steward,True
1630597,DJ Stewart,DJ,Stewart,True
1630191,Isaiah Stewart,Isaiah,Stewart,True
1629622,Max Strus,Max,Strus,True
1630591,Jalen Suggs,Jalen,Suggs,True
1628410,Edmond Sumner,Edmond,Sumner,True
1626208,Keifer Sykes,Keifer,Sykes,True
1630256,Jae'Sean Tate,Jae'Sean,Tate,True
1628369,Jayson Tatum,Jayson,Tatum,True
1630678,Terry Taylor,Terry,Taylor,True
1630617,MaCio Teague,MaCio,Teague,True
202066,Garrett Temple,Garrett,Temple,True
1629150,Emanuel Terry,Emanuel,Terry,True
1630179,Tyrell Terry,Tyrell,Terry,True
1630257,Jon Teske,Jon,Teske,True
1628464,Daniel Theis,Daniel,Theis,True
1630271,Brodric Thomas,Brodric,Thomas,True
1630560,Cam Thomas,Cam,Thomas,True
1629017,Khyri Thomas,Khyri,Thomas,True
1629744,Matt Thomas,Matt,Thomas,True
1630679,Ethan Thompson,Ethan,Thompson,True
202691,Klay Thompson,Klay,Thompson,True
202684,Tristan Thompson,Tristan,Thompson,True
1630550,JT Thor,JT,Thor,True
1629680,Matisse Thybulle,Matisse,Thybulle,True
1629681,Killian Tillie,Killian,Tillie,True
1630214,Xavier Tillman Sr.,Xavier,Tillman Sr.,True
1630225,Isaiah Todd,Isaiah,Todd,True
1630167,Obi Toppin,Obi,Toppin,True
1629308,Juan Toscano-Anderson,Juan,Toscano-Anderson,True
1626157,Karl-Anthony Towns,Karl-Anthony,Towns,True
1629018,Gary Trent Jr.,Gary,Trent Jr.,True
200782,P.J. Tucker,P.J.,Tucker,True
1626167,Myles Turner,Myles,Turner,True
202685,Jonas Valanciunas,Jonas,Valanciunas,True
1627756,Denzel Valentine,Denzel,Valentine,True
1627832,Fred VanVleet,Fred,VanVleet,True
1629020,Jarred Vanderbilt,Jarred,Vanderbilt,True
1630170,Devin Vassell,Devin,Vassell,True
1629216,Gabe Vincent,Gabe,Vincent,True
202696,Nikola Vucevic,Nikola,Vucevic,True
1629731,Dean Wade,Dean,Wade,True
1630532,Franz Wagner,Franz,Wagner,True
1629021,Moritz Wagner,Moritz,Wagner,True
1630688,Ish Wainright,Ish,Wainright,True
202689,Kemba Walker,Kemba,Walker,True
1630640,MJ Walker,MJ,Walker,True
1629022,Lonnie Walker IV,Lonnie,Walker IV,True
202322,John Wall,John,Wall,True
1628476,Derrick Walton Jr.,Derrick,Walton Jr.,True
203933,T.J. Warren,T.J.,Warren,True
1629023,P.J. Washington,P.J.,Washington,True
1630613,Duane Washington Jr.,Duane,Washington Jr.,True
1629139,Yuta Watanabe,Yuta,Watanabe,True
1629682,Tremont Waters,Tremont,Waters,True
1630570,Trendon Watford,Trendon,Watford,True
1628778,Paul Watson,Paul,Watson,True
201566,Russell Westbrook,Russell,Westbrook,True
1629632,Coby White,Coby,White,True
1628401,Derrick White,Derrick,White,True
202355,Hassan Whiteside,Hassan,Whiteside,True
1630580,Joe Wieskamp,Joe,Wieskamp,True
1630598,Aaron Wiggins,Aaron,Wiggins,True
203952,Andrew Wiggins,Andrew,Wiggins,True
1629684,Grant Williams,Grant,Williams,True
1629026,Kenrich Williams,Kenrich,Williams,True
101150,Lou Williams,Lou,Williams,True
1630172,Patrick Williams,Patrick,Williams,True
1630533,Ziaire Williams,Ziaire,Williams,True
1629057,Robert Williams III,Robert,Williams III,True
1629627,Zion Williamson,Zion,Williamson,True
1628391,D.J. Wilson,D.J.,Wilson,True
1629685,Dylan Windler,Dylan,Windler,True
1626159,Justise Winslow,Justise,Winslow,True
1630216,Cassius Winston,Cassius,Winston,True
1630164,James Wiseman,James,Wiseman,True
1626174,Christian Wood,Christian,Wood,True
1630218,Robert Woodard II,Robert,Woodard II,True
1626153,Delon Wright,Delon,Wright,True
1630589,Moses Wright,Moses,Wright,True
1630593,McKinley Wright IV,McKinley,Wright IV,True
201152,Thaddeus Young,Thaddeus,Young,True
1629027,Trae Young,Trae,Young,True
1630209,Omer Yurtseven,Omer,Yurtseven,True
203469,Cody Zeller,Cody,Zeller,True
1627826,Ivica Zubac,Ivica,Zubac,True
